raw_material_input,machine_runtime,output_quantity,energy_consumption,emissions_tons
16.736753072665135,97.84566721842839,37.504069824021,10.692560244724481,9.650510200258108
49.37988957157461,87.39980116130832,88.72910017773295,1.0965916056447256,13.43451476447553
88.62957447513998,27.14842174998585,3.8972363968423074,84.77902703628743,12.121264462205126
86.38667559882083,59.623107984235006,57.44337572963584,81.31202726214194,16.882573842541934
78.63095527102799,89.0105473442704,55.27474475967035,96.76470927328087,18.952588346856196
99.61468309333384,11.65446099986326,84.9543759554122,49.982225774858904,14.596540870456794
38.75663382998321,61.3072309882715,5.596555726200703,50.64611187670799,9.266780842884037
87.08905700266666,21.34615161389688,42.63898947694251,93.94808877148755,14.526378385019639
42.85638378056973,35.836763233239836,44.05366481233782,51.945276651755634,10.356785950241258
63.199134413146886,80.06928009167311,45.210220576431425,81.74809350901403,16.020647588727677
53.372066135208065,33.84805103679776,65.79508281194141,71.77222547434914,13.326735458153667
55.80489756294875,5.661497313472341,16.98828751608249,28.52977208902282,6.342674729706789
28.26256059514931,67.34208002468705,1.8348661673632582,75.56817770495199,10.256924464319603
26.534247480693317,31.00218462161024,52.79098279439243,21.592560093895752,7.821000684364472
88.44713135755275,8.536877932656529,44.43823623010649,84.942226945489,13.420232183921524
61.58438944212358,29.232951584263343,42.07602077764607,70.66943803425147,12.068413422303285
97.32607433638994,89.31387183794335,34.24328083823768,99.81978792878576,19.0131820409531
0.3504663531058272,2.762975580841509,82.38405151711939,19.946268683305203,6.251333324416578
6.076926839624086,23.714807323650223,42.61001539808602,73.05662704334048,8.623637648908316
62.43355265512055,23.762121756042042,50.32704481005844,92.62141053985687,13.585026799825451
81.50077769837577,32.318978483179336,98.22645613556963,70.86204004351309,16.772483738590047
6.244935566678178,3.516071328863868,16.840794901002997,72.78558680501467,5.892275482355363
18.37389258424279,51.148676920883354,9.326012018083174,92.0886157830195,10.134173670141353
34.396061358356754,90.81320565606308,94.48756419105443,0.6128647313680791,13.06126902174638
46.4135187198732,2.4656055706892888,90.86927663029059,51.84075447345759,11.358544568876543
7.494401269849682,11.027672827656687,38.3509024492739,94.02341928728895,8.946035770326324
69.29091515680808,86.76188661891324,36.64566463399797,4.321369954999832,11.68050763466062
97.43176372044141,1.7172990662369547,94.7651653081089,36.86774238491447,13.682127738346328
1.009040502188152,68.91572317245083,98.05403040313541,96.56257228375925,15.683585503285784
16.093701120241843,18.1247806066155,56.55389146196601,63.73048264283244,9.15984816766243
73.94179136658656,18.10503604721475,95.90070867644344,63.873925628923786,14.929473907069339
84.70469188705549,54.00657152841718,41.427684758988256,97.7182906594996,16.473029616864398
58.212137081983606,86.68735827991789,95.329239636629,67.53546270086592,18.246092003894987
54.8938678518675,0.351085091065062,4.001964073900599,20.085121605111635,4.703275060494127
18.600843185599526,25.475879519984534,30.493463769766084,36.00654935507283,6.555646532423955
42.053769006887656,9.886633845601466,4.236193195278204,67.39444490730234,7.326026221170489
53.73348248430777,44.41442022201196,63.443994116835235,82.76794072035405,14.487104449460924
42.76929091162046,64.11194650519793,95.35722238351588,83.96244958615607,16.967692029483118
42.600081050240945,64.4716837814743,17.707092191593976,56.05221848950899,10.72074161203395
98.13282911384428,51.83151152025223,92.76382991901473,40.73349205032607,16.80529318907681
99.88448271846312,57.92200352275578,4.226899423593455,58.67547966913881,13.084934157584891
27.457269567959663,3.248132203589471,82.08533046946633,27.572963698075593,8.32159467948542
79.65485540464985,28.821758295586697,19.432635387377427,97.39355741044274,13.357290311313408
36.164532775501954,60.13762114431604,60.998149281447155,56.04734821735018,12.64851761737784
91.46957435212147,67.44410713668685,40.373300410493016,86.2380384524274,16.927621307791412
18.10628991159644,54.42367576104174,95.05503719437563,62.53976298804127,13.643164739607922
81.69684504748761,65.35607255451929,83.93708635378904,94.44878798452436,19.293947066511457
27.29217275327368,16.966108125671887,48.39907503325399,70.18624268242158,9.654337003503343
22.71912531822161,0.4101450430167075,34.293511583670536,96.88593354677884,9.148338373699376
69.49674606058467,40.13254439412239,19.257609734684035,35.6089673754747,9.752293334589362
16.983943330124795,10.63058213129514,90.67423725725538,99.76503383754735,12.9275258899656
16.41144395957903,5.452255887827972,32.973110714621235,46.16591807614153,5.988042446628284
20.48212470758545,30.142491179855845,20.08707356916577,77.42605684324514,8.782486619437146
71.25779432472608,63.49515157609817,38.721785707920475,90.90409413142359,15.673949128574323
96.953254153502,17.3639312625412,22.301264141187804,52.563102800036965,11.215807542116707
9.125056928224529,43.64483988231128,58.179126477771014,52.20735711373331,9.672880569252618
33.090858307802606,54.244580607720685,95.88009542588478,20.601740429137607,12.083500209725058
65.48313583940036,4.339669415605185,6.641640448143493,55.1828224223585,7.804832999534283
10.493918032794946,2.2346788426857334,17.151299764802218,56.48491709995744,5.120219795490427
70.33409545189325,20.247856414138,66.82594372081745,18.247633109922933,10.413904416278362
61.34574266312571,41.195967989579884,65.37995093336167,99.50527524792473,15.854659282230086
93.7816965232562,0.4281757836103628,88.54387643623058,6.649079517476652,11.228926093657606
95.3046586159845,28.18256790996847,38.20348304112709,9.163820517572784,10.129272665600029
11.22727583289096,72.67405652293196,94.43322357482916,61.074849495430946,14.19361339186294
71.5850015526811,76.19697445971535,26.28142745529417,4.5229630920214925,10.587661915348942
0.18727439191685846,35.06492829540186,24.14642281992161,6.231772504918565,3.890960317456205
17.952829249366676,12.44988982679478,91.48783806173704,14.026721345916894,8.05798460858326
53.764846398767915,59.310595511216455,54.34894577086338,9.905643421598798,10.51317887764547
31.87983617505512,5.127033246315326,39.566991409631605,18.8598931271592,5.657880507265717
56.16325332843798,69.28083938491005,53.21198602047065,43.42366966113958,13.166208258486478
38.73334208566924,84.16917680970037,21.936806506527006,73.42183395288689,12.939819589911886
75.7482324740119,41.92000072707345,29.730059922563935,47.05414860459752,11.528297211558918
9.32139258926985,4.593003222908997,11.16031994518918,18.714503146222615,2.5960853239791226
50.4176820338043,84.91366361611222,23.564233199968697,93.51620107467781,14.964471481081253
95.49079089350035,95.89046048452052,83.75627346763238,36.38250407977206,18.468760016007817
7.268391100262306,56.88187317664949,55.86814439372338,84.99757671095955,12.154566903832892
99.59910509461052,50.81573065601476,34.520403103978424,18.5901711556267,12.066196730927928
0.4799824817370735,50.911369248887915,55.55186667025958,82.49384798173975,11.230955933156952
50.45769678928006,91.64683486660566,62.80834765714355,84.03362382210831,17.130467155757117
14.830173480774711,85.53361303023146,67.51438544438484,17.023303243833055,10.962059113309154
18.976355814601085,92.65006190442213,3.2215360450372876,46.25349432957061,9.551051960722818
31.347528993410158,66.5077439998428,83.96293875689919,36.03781215565696,12.915800751036917
42.69020873228372,98.19177845014141,78.39165096792028,89.72041309317915,18.319005036291937
43.87622206516297,23.40762039841152,41.18634653864517,71.60919178315135,10.676176678041074
10.943040483597933,27.046910561650883,4.6635900461590385,43.23477383381316,5.09197011185737
82.74457359796132,2.46636882980108,67.5323526807166,93.24958745137396,14.583921070229195
23.692786151118227,69.36348407276482,97.51019011002003,96.22780601524632,17.002869759098058
23.492919302914327,10.03310532120687,14.828253789591594,70.20356684821422,7.0288141655305605
72.57588754532756,67.4236561628199,33.60783877422381,16.977693975812215,11.299016797989937
58.076109195225314,48.36804457578665,72.88341471223035,44.136007868562146,13.248249809800514
33.863969468646836,29.34785773590144,21.147032004974655,26.57463761866614,6.576797446134197
9.483043884410137,34.685701092888955,3.65698123629582,18.64138471663268,3.9405656354173293
74.67704446194291,32.546898867662264,66.82370169773438,71.68841755972774,14.568695254858488
58.11853427321135,95.86977413653985,2.1439866623113257,73.86526505881422,13.635623227748745
95.8786643940408,86.22717293529392,16.789269180501332,32.68203062517321,13.729269946763115
17.24518398764654,60.13083638147041,71.21879819794923,31.70737693630582,10.689386459668885
53.95065739842955,69.09205700711951,42.13398166110483,85.40155304554592,14.855768869976915
77.15499352878172,6.466554385057066,62.1125299090829,23.53255509597496,10.035132677922157
55.75182646672753,95.68884426329663,87.90620045522502,40.451640311513174,16.58811980563523
29.151385834435338,23.440574440825902,53.25148697565201,11.424845325805633,6.952361813002021
54.92750081282486,0.13336394907920157,32.38496307458448,21.993431383058127,6.488210154022984
97.12187899607821,72.7242319569979,34.96533804622377,9.284508653062051,12.692881661311775
51.6800594690624,21.34478813260423,53.64295458983578,83.53623541788924,12.462145494770407
61.57925521013854,63.37884195450022,54.103028906281146,92.72656326314092,16.113190625112882
93.19026844206033,51.27232010735522,30.575948714350442,45.95870058794439,13.102030595473904
18.655791219561568,63.634431531808936,50.00923357822332,10.33004778132799,8.45592526333969
19.764778111961533,47.96319561995268,88.75889907188584,56.639072063109744,12.635373534438614
68.15350002084708,33.90285497439097,57.141139304423426,44.73798226380674,12.090507914990361
65.91299126231607,5.057556607901037,49.33002162389592,29.599262514396695,8.886953539888745
32.61850612779092,96.09174315580614,18.269481271138275,31.12452525785969,10.559079523005318
50.98925757308718,86.30269481496236,41.667008320637045,74.3865280888171,15.019827296110682
85.63740982148023,31.001635582184896,39.27501835387099,35.65562236883563,11.357390314883656
83.28558086179211,4.434686195360116,30.842108882868004,67.94085575951298,11.05702076476487
56.54434995653427,43.628935929369426,53.99482272213844,19.758458582831828,10.311401295565748
43.07166216080104,50.1702984176349,90.11891219546017,26.083516280397635,12.417109010570643
86.78285021649326,64.42414008259819,2.0340831067600984,72.46313368993937,13.3810877259946
3.555187754905509,99.73811268138131,87.26366876911979,29.734374754004566,13.060181007379647
25.741123019670543,38.14410821056089,35.616696531444305,37.23378183853811,8.106506072614117
31.82765461194804,62.11334068483314,16.426366372062397,84.59812924460131,11.558713818511984
81.24024840313153,47.64832078552704,85.27299652785476,24.71450700302933,14.161994257132633
1.7565455703966948,61.9207925029823,45.79094069647154,56.71645462958706,9.85241934544502
89.9339409018403,96.99255735659435,63.4453139755603,76.40555898524384,19.373306007090733
8.380843348716427,16.07155848915056,73.32048049529766,43.13654563880019,8.353948920023216
44.59652704044057,30.86076816354366,60.735638347774376,18.51650454162026,9.172095592742894
62.69162793138956,17.37988571352397,6.382603470971359,33.0357688699061,7.084071082761749
23.11403420098477,88.89916385563323,5.49534538686266,17.661369257412286,8.013676320167317
54.87196055830494,48.10671908474736,4.585201837470154,0.7252428015144474,6.420023314736388
98.80679419611499,65.88347003588382,36.54061309015568,47.04322476632413,14.719165330970144
26.655012045428695,34.48737836932098,64.90444672682139,88.28117988673708,12.706639521243282
18.413002308118486,84.03615053853187,12.155662951826907,21.49922235883912,8.06905683274315
3.7175288049645983,14.081186209299945,91.73031454640505,45.94387466183786,9.217358405435434
7.7665861778353555,95.97268380389613,87.899230775865,75.46825208681412,15.835676871099269
93.34727919475579,22.012942083576416,83.63692930100864,68.99911963543062,15.888412751035894
86.97592495676884,79.69115657426298,34.6495063176825,77.43985370172555,16.526339701720527
26.245630298489033,32.859216302805486,10.790571722297615,93.50766159804688,9.6875063839691
29.100336340028154,52.062246517145184,39.13328364661927,95.99281205835015,12.822879197600265
33.50491709384824,77.8545821422689,85.541615463118,43.560649748096594,14.256003493331427
37.81718144529312,74.7745820932628,91.28959803062341,75.49317330722383,16.562983950066577
22.71263655918656,88.83077474377053,38.75816674368331,57.62294117779343,12.32700208794329
83.1435619292711,18.83947674004922,78.45101356775531,59.61627979106775,14.231611332612237
89.33416418276082,17.197040184354297,42.068223704092844,83.28430928668375,13.747447031417362
1.9231703456760174,11.220136676564286,99.05652127567348,28.039417859035055,8.314216556260543
97.55431937239534,18.253155100867392,36.109444300733564,75.28694445035707,13.469996260192204
65.77784072381785,58.11223999290556,52.98991758050076,84.34404436647402,15.486914825377603
23.49485628333927,44.24709269935184,15.545229215645728,59.594159573070435,8.470855460462177
25.054442427132017,33.38420643433858,47.125071662352816,2.6770585703127847,6.41715712447457
9.193793592083765,68.59292207082196,42.89699807175072,86.47902219998954,12.28183904397521
69.46720036441995,0.8100941647322446,61.671233076713484,9.372486605971641,8.378350200147375
78.09331797904943,99.1507688278502,53.11987942415115,68.27795001941304,17.705268906709325
23.731416089475154,43.75977437537936,85.60953322363837,16.742294774625122,10.06930424091809
26.55356056137621,44.543367528603014,71.22488918440139,37.58839547956738,10.666147391046241
92.77322797830038,9.445705126871918,37.08041975448475,70.89541234284219,12.461595771344092
22.598676566149244,65.6413134229673,16.421695822734595,5.598028486168638,6.536851610562724
12.101571674864886,92.99847831341347,55.175088293955135,79.63457754796491,14.22327476811214
33.26545009050512,59.26586478854466,49.49521337049916,94.5737959402294,14.027074349741827
74.75746360541103,73.0542631496579,4.635326943427954,54.96696690036911,12.296736693334037
46.699145390181485,92.78422666061945,25.734198818953224,26.983345329109433,11.394813387692016
41.13462488815004,24.336971340637604,12.918391780874948,85.74148466508008,9.73068983833919
55.82765244039158,86.13627189565668,83.11347654036959,28.20423547896711,15.016041743592616
54.77374443242739,8.321770274007045,91.52518840307584,40.42627150651531,11.563544657008531
39.36761838890214,30.275537061795323,46.06637447107038,25.175938654544805,8.352528464555375
37.48522727968046,79.99470485848819,83.42555035851719,30.418247762851614,13.714246480099867
46.90144305527879,87.38197762800523,5.267333182969713,88.91449619957854,13.544778773993912
21.91843456523317,67.85392442143758,58.255169638460025,55.29407481892521,12.05411386558747
85.93602247528213,10.157214364466128,34.7028025325636,53.825274634476564,10.945449491620494
81.12888539460398,21.64430834116715,80.29298413742762,39.96384824939357,13.222546373761988
18.89138564336954,75.89864404434826,9.089890147454781,51.47673740754429,9.210466593118444
6.387578386188841,35.64178551577876,60.10767990063927,55.61155414872131,9.352275063900388
40.46554179046665,42.90479939721157,22.676955335076656,45.58825884241029,8.989857543328997
95.32548557208342,85.04529177837904,14.52328690763438,2.978078732092093,11.731037440336848
93.35243127166306,52.674974988074766,53.783782314930775,78.07179957065223,16.474556189180568
31.468897387132657,48.190756883600216,96.86629131467376,67.21486869324072,14.450405068806358
15.374503199578593,13.32267479843533,20.42647583330054,76.67116744207175,7.457865143916421
29.537700384061605,2.1388846675079787,94.41743635056619,16.971341639491065,8.481765572933243
0.9558186148068581,23.7131602383323,23.50287871181337,42.200525084572305,5.357812314624753
92.03898315000369,87.9184917779098,45.68945549824279,41.08999049918065,15.8137510354373
55.500908647485126,24.345401197176574,5.218499196636284,93.92241361712067,10.611427048889478
18.669898487717273,19.84007292457164,47.24603288539476,49.16133448403307,7.9987022361071105
1.8434209700741944,14.79547387739707,37.81548185607417,68.3730693510539,7.281941493092856
22.841845683193583,42.30144462417626,55.73450647164668,88.8592494623292,12.43445946913752
32.60705023271233,13.355826586348352,48.927222589760824,74.67216016840621,10.052659184406776
10.985975705273344,42.46834916969604,1.7785141262483428,3.3559181647251135,3.4734899693816828
48.29533632166656,29.819729815092945,84.51072990054122,60.21543061264543,13.211353218177488
45.39329617429904,40.793537105429635,49.72454801895633,4.043883121266134,8.297380429968339
89.27933564206599,99.83031557339584,18.148712485869865,12.038296477461973,13.001210237187411
14.357746344859523,66.10270582343671,66.14408384507747,84.79241622784109,13.718587514646378
75.18263884262532,44.96896733693397,61.28553615653188,68.82846703680079,14.837233726870192
51.27364702852252,47.56509844516367,64.50974456426533,55.747454897565376,12.989310643853333
64.39423053359104,61.28547739633638,71.91965605136546,64.2803508782876,15.525786972625053
51.974248643726725,68.17968112843865,44.9481965185428,24.167122597260104,11.221006714013702
0.141822013391546,55.99641471458432,59.0655226608641,97.20489647757144,12.592848376560244
36.147833409427555,39.41332428283118,20.17995813421902,7.053429523732191,6.094271997779437
77.28044928617406,24.9681064339325,60.890486103003795,68.77730355454815,13.749380228758627
47.12366872916477,87.63521130271916,44.37948409797288,28.490862304176513,12.309495375135205
89.60155229616224,86.15642842499565,16.4039947076413,2.596101835392095,11.546417103834203
8.998555634962068,28.654739855381706,97.22598017417107,55.8516153160825,11.307661550080516
37.32617320292688,88.87160946127463,45.31363314784996,31.52386284010211,12.037138829065675
94.12195287456574,84.9517666192678,84.3668375419441,51.22847430502131,18.655451607235445
78.9438398815455,17.93533592645519,57.32229575562437,98.38459228475458,14.974804068602898
29.095843051796166,79.43523292476752,49.047840720806725,3.980568322208733,9.578207113773441
76.30193978156674,16.85691443921128,63.147356713275016,8.566419404697289,9.774630072544355
94.68673974959648,29.17238871803609,22.64646916773949,12.91364040663343,9.451320544264114
94.60021933390477,71.19037424413051,74.16608887180887,49.94045613802446,17.186826479103875
47.47277852704834,11.002124299147663,55.984109558399176,24.691649510879042,8.249678807109298
97.71453328004058,79.65809400151474,41.29920601928876,15.134125869153303,13.86140777245791
78.5331691138784,12.205376708131599,18.93337534970705,21.15205177442274,7.756023164922592
55.68906382730944,78.70566539903663,31.431487872469223,8.46698142752894,10.333137381596897
46.45384635244192,74.81102411599355,22.166384308738827,21.992454803937424,9.807301327462003
94.72270273467109,95.41537271191778,99.04657320615765,80.765960157478,21.93287229543645
18.818416916794554,21.198152079926135,34.0225241522392,31.813253133349086,6.275556622676481
95.6527749078009,78.90739828816936,72.40087921615539,18.596322405813183,15.743820527082834
90.95255593623295,82.78703795061737,16.36418413279237,87.11703319609725,16.4352984026339
27.22475363704713,8.086974583210605,65.68223065142101,65.38046593843306,9.86366538042044
9.49320095656181,31.885180893658237,99.28144622555386,67.84266670087369,12.361267916069261
73.00751666033291,21.291728560430567,7.878207100391432,27.690168974093766,7.699324951352996
24.889838519319195,23.45441007480531,19.275432188703956,57.475569065540434,7.41639038928421
32.810347584182175,82.03450150475304,18.3947417847384,46.46270708685445,10.653820965561827
1.3657836426079983,48.16823224551921,5.583822087647439,97.77235118726436,9.064239696543458
79.05921286504129,49.01114766364554,8.658735817935026,59.244544079041425,11.618482917358188
75.87637507018775,19.07172530047453,56.82083407874908,81.4210898382868,13.824891489489167
76.82477776463163,80.29920178671529,87.93234248697198,93.76821021594702,20.087533361259926
40.552115520353595,56.87691025228773,79.06595260456109,69.71398139457831,14.596731412427056
99.55202282643788,1.367765110464414,35.51332153157907,28.102792627020246,9.75466681966259
26.23158501655346,22.252978249888578,70.9123840815229,8.475947327532186,7.581065694107764
74.16088339433384,69.34258420162735,25.080413250089638,25.283378316516124,11.493604108812448
62.886058534450214,76.21711054836778,87.64856130873655,85.21395638544757,18.495181263907714
96.48829941638532,58.13848953365112,90.86555613403597,80.85132732604107,19.347593762351305
89.46676243140136,1.1626601285366633,96.59029918658109,47.35301628464783,13.906866983607632
79.81829895748429,12.720411933778086,39.594109581397404,27.146066302099094,9.442999686431435
29.1658770500937,12.325561995088174,80.5763832543007,0.9242314581078159,7.291700416696628
31.25054569852025,17.441054321641502,58.90389406083405,25.425240261454384,7.886260245282517
25.899845452809966,48.833814399531875,65.26890393409258,12.130470456516363,9.019351049857448
17.551145246549616,24.71747445945176,97.37482141179605,39.71524999429204,10.633449908055319
59.899009063102646,24.15428127159779,49.045952515748795,7.411917438595806,8.330337243164587
3.474214592232694,46.87335268214602,39.86592875184121,13.688031969182768,6.159900512538097
68.76014289207338,99.29034908992645,39.56468211967125,62.455863591739444,16.011417306422523
96.29759423644857,83.15349724468753,46.355222330268575,73.74894844599194,17.759417489937846
12.813504025052403,51.210385546379925,27.906027717993652,16.11636878961611,6.405626421832582
42.62809062545349,13.101455443361443,69.89851081744855,45.62400440533355,10.152840679782782
53.11446325646638,14.6375938668157,13.977166109349447,58.34154352601241,8.304228095532455
98.50097478294462,9.625058323772562,28.573142856578126,86.94591165378876,13.259010877107212
7.227201225523694,87.58857213669513,52.428598337475115,40.82667739264259,11.149970304081775
30.968056435145584,29.71171581278419,30.580258244947878,88.48030809601958,10.65607624025037
72.37952301747855,66.97230078311506,79.87491489520008,25.7114663004145,14.521393511778417
61.804281208175574,46.006623895795094,78.24416352001934,30.925611047328548,12.863905138886494
64.31786168698957,88.22124118173134,40.21504761949287,6.662208736746145,11.822587762642568
51.60508223417928,34.59724878070259,67.22253805471749,95.10329247486061,14.734227486487086
48.5608317996847,46.61902301555338,65.45848001914602,10.349750359356769,10.137190606758315
25.350618892501465,91.89793255003985,66.99426133637662,1.3444043983416254,11.002713976076492
20.462547255901985,68.2837266028899,76.43992025625742,83.98595726740419,14.77240703408047
29.217680338204488,93.10285962775626,55.29468935778924,69.65390223878929,14.659584701336925
59.673886277990796,12.274005467462047,96.31146593848798,12.287557989415266,10.70389492676843
25.48819564111836,81.36278802229802,61.859696150110146,83.8149165376357,14.971219195749844
51.57361883740449,37.699323536663485,92.18454995477849,3.625231751479485,10.972804624921322
85.61302203530458,23.08177851877816,84.87363277539679,13.91966134168856,12.301128244880418
58.02189636905405,88.8107919011472,47.35396468988905,74.65666738033929,15.938630920141334
80.46716178555585,73.64942087167792,92.53297368745983,44.68342305199287,17.27195166161853
17.312543916515576,4.781106370247978,24.64598696375051,14.319750388024211,3.6199636373637962
55.79487414344805,18.4945337211732,3.8933707289371178,3.598982886866786,4.848509200767763
83.15694983648616,59.14499314430248,35.808530189337816,89.42280427402468,15.860963786039232
7.01966114077136,98.03220727278259,61.6291790254461,18.346425396884847,10.969529002555443
67.90690989769685,76.33812597835626,42.934278337077444,86.16326062455474,16.205373485129517
15.073240729647031,27.883758357760836,9.349236158398977,21.087784060735217,4.351233960328315
23.8728811911145,91.76331909217102,7.81096887511562,42.74151201877095,9.852653393187715
53.2398687226913,89.86930538021608,99.76962186612135,75.33881149198358,18.865832304068412
97.07909905690295,78.71011325358738,96.32026409714166,70.72707259444552,20.325389574714738
7.976342545107107,40.19201869926765,64.65972838024705,35.0718509454251,8.768388081473613
27.33839181137786,57.739926713309096,93.35018767024349,3.498187351615356,10.785696365036266
76.92312035414378,72.2727278044627,96.39534253882871,93.07112223325436,20.07791603499225
76.22325620441929,52.04087646825987,20.426755323351987,54.52357183255744,12.047761754847942
76.53519939196538,89.56692126378931,78.9712009210549,19.526693519105397,15.687062549061192
59.96863142280594,33.217345953135705,0.9205667390642991,20.022093578866606,6.766224399095138
11.322064993344927,84.27191235394686,25.850625214781196,28.46979688875555,8.887817184506273
95.99365717988843,37.908672304885215,0.9585640144394558,28.384614834613654,9.678164603118974
11.929958060181246,10.280856173585395,7.748729013574951,59.32594701753773,5.293374869994025
18.934772362985864,36.124279404101046,86.20177161300168,42.433813979627566,10.89051058876326
91.56913500516376,49.79380533956063,39.88366148397557,75.03889270907015,15.194128321473208
7.3175098768002105,8.94783829824174,65.19737139229606,48.694071323924824,7.71646864478142
79.04152503192103,91.62708373435315,38.83668776715476,59.64100265846463,15.956593308360533
50.06966277953099,98.16106556424329,83.10844073565951,91.17377082773535,19.120485157082985
25.434008757760417,77.25264231625944,26.547322499764892,20.87425334283899,8.899308429427606
94.42661596555509,1.9304416717866646,96.53887036634296,14.92618969888062,12.320931116714934
81.94380817932682,27.59225530681031,35.07023274307274,21.675771132198495,9.858189881584368
58.551404248107964,34.809554750787406,65.73930394946632,1.5647317942065975,9.525176410355266
6.437488351503962,9.966115273124865,41.89936853102311,81.4796172659976,8.287143229119978
88.81779103783826,24.481074006090076,57.4369724239014,76.83649926926005,14.677560507334704
28.88294299196087,40.90077367362732,52.397420268571395,13.48748464080477,8.043242748190742
2.5982293725780314,15.280580931828325,62.685362125353336,7.361826153368167,5.212776117802599
18.96963648501283,33.78538856953037,7.787006430636634,19.169927116163443,4.725798976368816
91.12697889835111,1.929913222698476,65.34319241743621,38.44089309151849,11.669903825141182
67.26487394323712,58.86917203634046,22.349875435464426,84.72094875733886,13.825771641826003
49.19403826093567,82.25360189134717,40.60125361882192,98.4685553915239,16.037883233258185
77.04893585012962,96.59502051125735,51.43264789098588,47.369113229070045,16.152202447176776
75.54538093252579,88.02912630134301,96.4145795865558,32.455190603249974,17.337836017874867
79.87045738426389,21.06455976355367,54.557434674544524,17.984814840919917,10.284764088167606
34.73973617503388,93.13583672064593,14.609069977308609,63.24008951351965,12.196585641411215
59.295427292740335,12.073835270898648,32.59790437688122,56.298150451526574,9.501481160017502
18.717860898849025,80.06236564128154,97.21565095347499,21.475939996247206,12.893022709710378
18.69119647905759,45.49350717974446,74.77652771400322,28.16006102352514,9.907944132772858
1.9879908697280402,54.122062803289396,95.66005677673076,39.12768554069456,11.317556671697375
42.013455418310045,96.8901717114038,69.46076116267284,71.91719228421252,16.61675901364197
56.27020053710676,97.46092108632416,68.88664844255561,89.50327516051695,18.504391836756586
69.93788657332212,73.5115824840396,29.04109221422465,30.3478698013819,12.025468533861075
78.29846495760292,29.670628916989962,56.27700708015316,24.935231090670197,11.215794480719877
81.69833808090694,11.050135122769,82.94466397616644,60.27298005076018,13.989474789386419
18.690953482707727,54.20353855061182,28.249883684734044,32.34673347304966,7.9141468637683525
35.15280415968803,6.331924697232094,98.59616844014174,3.1534628131224096,8.49178472423264
66.24968731842785,37.12276477574306,64.6010290946699,35.62482530875838,12.070518468236017
67.37506462588587,72.92355094683607,69.05526403996448,11.396198135815228,13.087377474621803
65.68932346546846,27.998754945409733,2.8801370569333518,41.4830671888954,8.184501067503236
43.354310280380105,46.71741333524465,70.48241653907162,30.884380914245913,11.349614070202033
31.528051310392257,6.055225624126059,68.68212159922959,56.782609139958396,9.666455589392474
34.942511269378805,70.51889789173546,53.73577492268772,46.924494587053964,12.220118977903752
51.13245436611265,63.63481252670565,66.00026045745994,28.895781914071716,12.430087902605703
14.074336339115323,15.663418119051876,63.939088590300166,87.2873285767126,10.728632341136514
40.94962783455518,16.952016032946236,75.66024982938546,83.24894744194485,12.853836100600931
88.05824431209666,60.68314289137332,86.07285593880847,1.5414958448407678,14.012573884307997
10.723580176952352,9.257606705209875,71.2604684254733,6.958178354357902,5.821870162799089
49.636437246630706,47.27068986362891,31.07035235582409,87.04051699420998,12.747545605482165
17.0433201879996,35.246278439923984,77.41715000229291,3.0422314393284244,7.870149035782042
67.29504002463686,81.63977263615706,93.22678388381672,87.62966404914849,19.551987293699554
31.938411683368518,58.63641413229526,7.729349315046585,25.78700035480086,7.35686288952822
9.422237874750738,31.518729015396385,87.51872134587289,34.71668396742926,9.67406580213728
56.18981030014264,43.338084811494085,45.89165242987353,96.95720518365583,14.369535387440418
29.615446826385792,62.73244695231713,42.0062669579447,6.1146181047686206,8.32782461889421
48.9330831624236,81.33433290451083,9.875296868168837,6.9591847396308975,8.72107535244347
15.363152039326666,76.44001113893061,72.3995384144738,56.501776890611055,13.084674078990897
46.82264040926324,88.83258147026221,76.66978238334825,81.19422513018051,17.40156556367546
81.32623013506543,64.2717154745558,45.80146243159459,86.46777525856504,16.473619183940894
92.60074176032506,2.3806043258343013,5.1554873266251295,95.87432969084372,11.620707484866363
27.716061384419476,87.33694396494187,38.879511896140265,11.91000576093556,9.832131078122014
8.044320020933426,15.650789908045649,24.989319486736473,48.851835393082624,5.78252985474238
70.14979005657835,98.63985764853,44.150674328917106,51.81849423431098,15.696477226999653
52.18157013832556,53.94343554879361,51.77406571044622,0.8774755061917827,9.413217991315378
0.17248221098407068,9.766631812612292,10.155660342917884,70.48969089547961,5.37038583320964
20.491603251599976,89.47141047556129,92.86063295770195,97.58933378958987,17.810268126947662
93.90813048870201,27.188832191852462,50.97768447035125,17.5454970196941,11.241809873245634
80.62096551724332,88.84317051440961,85.12888392975148,43.33669486968349,17.663045370897237
75.8673884686781,9.757916957626945,4.024477061925069,75.32364143087608,9.780605715436941
42.53552743286837,99.55492647395691,9.72542158555324,85.56276815352336,14.073217755995735
47.99830655289917,82.71501955038771,81.71272821701449,91.59920013620774,18.024425211860596
29.78500112861028,94.9799353462003,15.166696035762028,8.196877759349054,8.781939052653474
43.161551737234916,82.83229686418426,47.34211306334456,82.92866775305141,15.192891313071271
72.96868057943053,20.942838613893354,94.88816248994638,6.078116862940341,11.553514893450012
89.82797075437949,30.4443448990374,50.01480831643993,42.235187270073446,12.599586543044406
17.18345569169162,35.81468664016931,19.293443629279526,20.388647546052386,5.494635438935683
18.705683602638036,48.901738034659424,79.79313675113156,56.8970033761241,12.111974479137947
89.32065885508419,63.65444885767242,68.93401156326044,66.76072297270032,17.1140650530264
44.945919318374116,68.93388222000829,6.970774646896116,85.98514719156631,12.26245179470882
77.78121434439174,24.522995823167882,76.80324542540824,1.2642601400018494,10.693508032336709
21.724657248088043,6.513723867089594,78.02269166178947,75.58741511783872,10.78105986888909
81.36360238018307,0.4481693325528835,50.1232726678408,70.48361975173366,12.000582253141323
15.540112873901545,64.97907275126246,8.411009930968572,18.132585610431317,6.347318401427664
47.5796814994601,65.3565152681102,14.586912695389609,18.52233308309379,8.658442409365671
20.4446367065663,23.870080469897847,22.655384852629123,39.51491084976367,6.31306486117432
65.37896508367228,43.80317831344696,77.59739087498882,71.92685059486148,15.337653097935533
12.652691404907568,4.884162332074393,87.79415639996061,7.983106656287342,6.717934755909491
14.833918071971308,2.213327555811806,62.83363652986538,58.237056315834856,8.188452820743505
98.69036664352556,88.6932396317172,41.08431774809097,37.1585840912535,15.747919160064217
29.68520342799851,15.240692003788137,13.808365660200906,13.228370800960542,4.266372801568185
11.411475718677854,24.05120424055369,30.666863031311642,96.15789710389159,9.621364619973988
57.84732510018857,98.7595774513281,37.246694782567324,45.7626632589441,14.205876996388008
32.457865916527915,18.288765089655268,14.316470777757917,94.50791978078318,9.46031917419217
98.68106817987558,4.490949650873155,15.034587473176654,42.35240923010226,9.518893273297481
18.63334763444073,36.38803936268833,12.909634985963336,45.65117567217902,6.733828183767107
27.16946161692593,35.190505575866084,9.43126514627476,42.81280507101417,6.794408921614019
98.32576109615698,32.88330468811903,87.6429274842435,84.31991416236852,17.97383372507583
95.20584182972107,79.01095122670945,65.95968270588149,85.65844442274576,19.317431904750766
7.564468065734964,46.28306571988078,98.92562386150588,76.96001512947322,13.619948772997494
96.2075378037223,77.96343561334791,87.48819674421442,70.6529632303191,19.701439625528337
76.05020044172399,52.31780098395007,92.4237700814133,82.50389106233617,17.981170665696453
84.38849656656322,67.30091009630523,30.4579947087249,3.562979539013933,11.010015854680322
93.56551294095445,58.61203488054969,29.814297114814025,14.91351078475378,11.673720541255129
82.95231655007547,83.65201944475788,81.45079681305315,64.50826919667863,18.530617377386044
36.60153875918759,30.4070284780257,0.8554770118170185,83.36075586882403,8.965505529386048
8.743269749364247,63.07549980407676,50.40749468400884,52.66893589263512,10.368827616947385
92.67128453077733,3.161501127124211,77.33922246287723,5.205239836730713,10.575264120920489
3.81536059353772,42.98176981413819,6.307517434296672,78.91439512929121,7.826874023445154
52.95630936483372,2.9038782659774443,4.050068648191951,61.26685297394794,7.184099712452406
80.61118176584048,43.779953127477356,55.45806715356244,79.98294540499016,15.404394999209924
61.05061740418192,22.476023765881948,61.30520258694786,62.82794590652136,12.311307345148471
73.41069808811267,62.087418755680126,96.9242130458038,19.728830871706847,14.949020427104347
95.10906795670763,53.83394903500162,67.1956140494912,9.946159745218985,13.403650990618292
38.0575941378107,76.93791464631727,70.69110150989903,4.013938816541018,11.246576756278793
54.65942634972446,8.827819296840945,99.58564291781623,89.72965885332947,14.987638502084375
2.1080660428536957,85.86495789026309,91.94296005584076,35.35482225634551,12.762533673071724
71.95016550477659,44.21037462077789,65.52324845763441,34.031740429819145,12.788899483638483
32.25592366332683,42.443388885757905,14.556775865250115,83.11389644353827,10.219117837412142
34.869789536163665,40.01495539058452,89.40546127021446,49.66238140631714,12.684381832138302
54.42539093508629,95.64981247770984,88.67263831449893,16.94667088884395,15.159091398415473
47.321502991810505,97.12962274285455,37.236629822860266,37.157310851620004,12.974437072761582
19.503023178915434,11.432311411912522,74.03047907559818,77.00304687015165,10.788196274984864
96.90129635029999,77.3418210905363,24.33524940335987,4.011657828851545,12.010741525127804
98.54373843696602,34.04506955436057,31.197154243242075,90.59552097493825,15.08124720621795
58.50998985449861,21.487117384913457,88.90962427162395,99.33608550547433,15.903029511729375
8.667856115083072,86.22516283024872,39.0515697684394,52.407244650670435,11.048044971050178
91.48159757649807,97.33791957751173,26.216391040879937,21.28507709599138,14.010513478504542
8.051655859151186,56.1797852662138,1.3604395450668272,41.18982976099366,6.330654856638262
7.3384016652008555,40.522578292933396,3.9932189265609264,83.52172606087689,8.025889951247356
20.973899393856588,32.8308710357912,87.0047996606392,74.6266061332205,12.772337788883622
21.90383616420585,7.189941865749605,71.56737768553396,39.07025506881093,8.284109055123496
76.60799991182212,44.52947723752104,34.60024129722764,45.12054082123965,11.908072172586726
74.85589856706767,90.22202865403742,4.9767196588575535,52.411154122695514,13.18909575303942
3.28354290838776,46.84095450243587,88.52828290969003,36.159026642030966,10.363883574011881
93.24504210806433,63.06084716506094,93.41553437930064,75.71666254125196,19.293905225653216
10.34351666487623,23.115136756267706,39.41704545835062,17.010688201207603,5.328999606946243
49.49116047766605,47.13681557014906,95.62591980273812,43.37278828959777,13.96935117707595
78.56268042879978,94.19105448514799,87.69888309739855,20.866762451159182,16.678285962979896
49.60298942535443,34.77397822959257,39.98586951372155,36.080682624575125,9.51204605818259
82.63592101750041,45.21390551224474,52.36943322446882,98.24473570470747,16.509001758152326
5.997927219151644,48.79576397907488,77.4061706946116,15.116195818822654,8.733772033105259
61.153159461477394,23.946477953446678,86.74041132245675,32.709966540007926,12.126941424794193
32.90628169009096,59.81938785178935,18.35629081199087,28.488863890306103,8.274588529969579
41.66318501194115,35.36378631401104,52.48772180055824,59.964014406896624,11.233424668227531
56.66674537501646,65.41683119919323,30.774951660782023,12.642622715502805,9.811892512405633
76.08075414310771,85.0780382630682,25.700623222243223,40.709195615801974,13.491620692073802
49.85692169635553,53.33268427529364,65.94901710876519,4.1603233355321345,10.274192203382558
72.1477082734017,6.197100697941027,46.82885676728679,82.76711355691941,12.327966081662423
45.12153132783963,14.908974876824777,98.50338450059597,88.92854620742632,14.671044992137483
77.1313633225014,41.15116028992104,18.38457268892978,94.14111814185013,13.68368363658322
53.2351126517139,85.23554603874851,34.20950057594258,33.52883170794706,12.22529537052697
98.55404806740391,52.183304849484976,14.06954238607463,21.96746779947074,11.073095046827104
48.194427939272074,4.247091048841134,46.25339853783005,41.894084208012764,8.334952146964897
77.93362653194869,35.49419644892418,98.25487615395994,18.076991930090315,13.62152093484166
59.09866849681349,8.969929700825464,73.3863983993982,99.47536880619715,14.283784944905149
81.91386377516322,55.57035407203013,48.474135739969206,83.50299612668469,15.975271377000135
93.59740847107243,98.9206525798093,39.65392275644841,99.09174747945123,19.639284113598546
15.59262521738315,25.35497759319092,8.90161247338962,27.173851648448167,4.566385486604325
76.79375516180112,85.29243581784498,77.88926451025718,63.10657781676963,17.968505452484486
51.39665125226456,70.87042892136465,39.08335492672218,84.13083514997018,14.553589649811176
67.71900939767855,69.78046984944085,53.59359931290712,88.52289842111726,16.57729807396287
25.201473367905248,38.11476533610507,77.7642569677689,49.27488961293377,11.285399339185586
88.92140134241909,34.63993197628523,36.93301688196448,88.87357893866253,14.784013903856136
46.43703201820411,51.61245842024867,33.27637153356794,27.66699421790819,9.426042092254633
65.5948710838392,11.984066154120388,87.92726411829092,77.92031367651079,14.431771540280103
19.07482637058028,69.40199458245654,60.263292128563485,18.45350507366441,9.91223203390506
27.320350605023247,40.89865037338344,69.92427352454739,63.872340881700595,11.976687126330749
53.223484767669795,76.84105431140343,75.79377396061659,61.78591540622559,15.867541621282083
78.69900833848253,33.42633747792092,88.12495283226056,61.49100858019408,15.51758134512491
82.23635138124305,54.627910479028394,21.843824498868038,54.24101286783086,12.624889073149927
37.11116637765881,69.74990360370946,47.579379173473576,83.61128049276877,14.113122297217606
67.80725123219167,68.4544433031324,21.715533349106497,98.42497664912904,15.20104758413231
84.16752092714887,78.90048845606947,33.02152251600275,53.56316528472319,14.800896647140172
13.710318807432865,53.847597666270595,14.588924648328728,55.30378439896012,8.148890540213282
64.87218801549056,39.01959672499024,49.854487833129326,87.56533876745858,14.306387471481786
10.856314470280937,79.17328929996529,17.075455099619642,3.670798280462839,6.567451628501068
18.557460274504777,76.50431899704897,40.512607333686,87.2520516846182,13.210476476240727
52.47075411822658,2.225035192633096,71.67136096019267,11.02329087212327,8.145322452362098
78.93796334619245,16.810254980518003,34.54463858055134,76.12714296253603,12.237805232781009
95.42313574764216,37.143395064673236,82.94002201989358,19.079226547583872,13.907640152314915
80.71797702024911,65.7494059256251,19.274350721236843,30.250396035141158,11.61957907163555
13.1770888597036,38.29670110643133,20.36486411232774,64.39979536304735,8.07702553305362
99.45051042205587,1.200916308426414,54.091981328729865,57.36665975490097,12.575146301028967
91.42087896808118,50.600533476693755,54.37014196449175,47.16528013283886,14.439497655842512
26.890430456148138,5.602913324891368,40.86576822098361,5.259147124067853,4.6609579669231485
55.04924694659178,30.729364324229312,53.36024015254278,13.429696439518668,9.045170887374693
93.26299657393596,89.45212435499349,18.99965092022845,34.34442832940099,13.994993300132961
61.34927718519796,9.568620730590627,35.456782111615084,25.11122868190061,7.79526665368981
91.55167287166967,85.25106362892052,57.98327412668638,52.03463368715742,17.004433601757654
93.07257945453972,93.24277829788153,96.93301253516604,12.537888410818764,17.535968543587305
16.05578107631702,67.67366986798866,54.14344766098449,1.8465904893235963,8.28340226645708
6.197503598951936,88.80803822588051,86.88707955393863,35.72709219960451,12.901790869419582
89.10506169305347,59.36750743979018,80.59056470189019,42.74310711602143,16.114290475282452
11.339832734490873,43.372706264601625,45.729979799689794,55.0944193840603,9.221154719432912
10.5582712904428,99.14018630496115,24.413682080690634,19.85524035370929,9.128101977496437
52.680291885593654,53.72081793948886,43.982073783324424,77.18921463252545,13.491845207761232
51.66544007286027,60.969545514498414,72.37463854077856,2.5025101563866614,11.116834510243764
57.06441825450448,88.41944712283693,1.7388742925433909,40.51821038009611,11.130400069654764
92.622745020583,35.31544022825378,45.872882420024084,98.15413930443128,16.12371492651617
19.93238589505738,6.525518912500594,85.94225908613043,86.84653412123686,11.812529237086554
47.20778346800132,51.42071744772863,83.58063696178361,73.8559498115795,15.181061292659228
26.514900221701065,1.6893355071518457,47.97001625335457,85.89123260956414,9.60820577774141
89.58346766901622,95.62261970761539,87.95632376127813,58.004355529809835,19.633535474303436
44.46055992361009,77.48498465340991,73.98216343655965,53.814343008145435,14.806194074057395
8.732737255846912,92.60813467869188,45.56025375016621,36.33337819162643,10.863231139318946
62.95673951687717,67.3837961166977,21.068791703030143,83.69388448099562,13.938316624551176
28.993709366237784,18.66839259143167,40.63998528544974,73.05600808974653,9.566267535421325
96.54581784398034,80.92812643714332,94.03483776701917,14.06058040765268,16.930250171436033
7.117679886367679,55.77047619066712,29.029748304403434,82.80549729692729,10.358642382993494
67.19878714023261,97.07281639857945,25.47923557313042,48.578411435523236,14.129575386659496
50.124047742535325,23.91767948573762,59.00933994880078,44.32859860792395,10.516121516819167
44.67215559898736,36.27366479724836,1.692935242553506,52.2095236914789,7.99460798110835
33.524783570033115,0.13198689843296751,30.794370766193204,27.8628333089757,5.472921429326108
39.34481532236358,13.185198964339694,50.768382463508445,69.244035251813,10.229341529711375
63.018556905457245,80.37549475691907,45.200828798708116,51.90917303397282,14.258510639586008
81.04019408589834,42.77011708192385,70.1599349899597,43.46023687179918,14.076291102964312
41.773619451156264,76.02056245291602,17.483691546621117,33.858597194157355,10.027415884203359
22.417227674690178,35.91099429675971,23.0374822366024,57.940563108665465,8.258904021911858
79.81708026178453,78.66130612179019,36.450096454879244,98.87604058942617,17.41847949078755
59.385436470580075,39.94003017782948,83.55392792414254,72.98740126426408,15.16930537235624
74.92753368241044,19.61393497338716,46.832430736855514,86.18281308246027,13.490915262275614
50.403800762875726,68.34527434210503,58.793373303426456,84.23567877183821,15.519764250822238
28.45608397616026,57.547527788636486,12.323466800980398,69.02107766994678,9.921393970398135
73.1967838352712,4.283732118899842,67.57909636279851,41.469015416578635,11.058526392698967
12.409687610968234,41.99075476984676,19.42329296955817,41.55595321233165,6.840394134967281
38.433902795852774,73.83916369360574,77.42155581663587,60.702865438454666,14.84505226106152
2.268684218244754,93.1022279070994,68.62332800964477,3.4195449921188836,9.925284841393706
81.88328992141179,20.026615471799612,57.92211895711068,46.663436995018714,12.242279037842803
41.98387823550767,88.97137201243976,43.73612915626147,7.534411757315073,10.803428650473727
94.66387272149525,92.05352312396275,68.44326895815988,46.789252813202495,17.90138690136478
