coal_used,gas_used,renewable_input,total_output,emissions_tons
66.72596459823491,64.50845035298298,57.782150627161386,11.376172171087662,14.912027565450416
47.69678910959445,35.622688748937556,49.10384698381226,92.1866435515026,16.714128854067717
48.05313431584083,1.3980791839511841,43.88367380841309,82.06481800493822,13.052195753079033
78.00609232181682,51.3390073528181,24.97690128593153,46.50886629145451,14.944630539453845
56.37022194181917,99.98714382741338,64.41780901693774,69.42649300626135,21.595070351654677
49.1454143568052,35.448955078252986,81.29529836472061,49.493232433923616,16.027505694478048
99.4690129964525,45.71205742680441,6.800028364757738,68.25781370900827,16.388861048679217
4.664145092581107,25.05015968847033,35.373825277990335,73.94835856213277,10.346262914549671
49.423592640761285,2.864593131025661,61.68498512759222,41.143623742666236,11.542862997651946
92.18345099671072,49.95623111402354,70.89751459393389,21.886849232954685,17.481640742833207
76.09735645316532,72.09553104836723,90.40817085413082,3.3821641719199214,18.00694239338742
44.75006976174512,67.91554027396302,9.516390008021503,41.06040671489124,12.147522394141745
94.21466030661954,43.59344908911282,98.54047834806315,5.6839061079819615,18.01060887029083
71.78297761408913,58.10162362482695,50.05396771321254,97.08474014850094,20.614415811542386
12.965040049112863,89.59989516809134,69.12404111366102,25.89960732996327,14.703359209814565
90.16691456322934,42.92949178610132,81.42273280730709,38.88365170474,18.856718286922966
85.0930827433241,63.66291184450487,14.104663358372715,64.96631634695275,16.953519169243044
19.13447627018726,41.19226278941627,17.029558425203373,2.2016115667118585,5.9202231884723115
21.18865394499575,53.637202372412574,48.156096777734604,50.14970955360637,12.883421599330283
24.768687844660132,68.51612006141862,70.42632868203458,35.79678255596656,14.846184663246788
88.11700884741744,64.40232166355479,71.30392752586317,27.733991793893942,18.719384174762645
0.06116351555870425,86.53756121021095,82.24243845798085,12.319188804283021,13.480868583120307
37.410513495630646,66.13393083885826,65.21108572187282,86.03503348085565,18.959988019295064
14.026816163542854,42.99397477851188,9.722441792642478,38.959524843862816,7.865766257089838
1.5107445587704382,89.8273065110127,52.70439968286811,84.98022608023537,17.042496192227063
5.990470100336376,22.745811047292065,25.937999522118062,38.6691494638788,6.946059117903428
80.28663723975461,38.655787373149266,20.4653529646327,6.499026033876842,10.85751061578051
7.949174835268746,76.00472059609774,44.4802991036633,72.61811220000153,14.961108739770957
68.22871217636975,13.536246176025779,14.28879341922672,75.53420154341339,12.768547994648257
72.12682934854172,37.80307668743104,7.742226333284008,1.20980216984522,8.846481687861845
28.815694946174485,0.9222273587226937,23.00726211037034,41.95007402113385,7.046654085271732
12.141576531195419,10.427775783154624,89.64374357187366,58.547002902288924,12.706944018085354
93.44556867627814,34.58261637856792,67.71449373291631,20.469167462179037,16.08919089316963
61.83403172799412,12.958573000998442,0.2080639176285759,93.1531801409579,12.513002499580997
55.489437617520935,92.69406627820395,33.383152370207206,32.778606916175676,15.950290958604446
40.06550017730317,70.60409839581683,56.58086341861742,92.5354907099118,19.331714967869864
2.5440901132439353,70.81959379725365,33.03276893665543,18.023365181846117,9.258577815610959
51.039562252009894,50.5063784179996,13.70110286884284,20.189605613288986,10.078384417572737
40.81646649015549,40.88114123923153,31.75581396196847,14.854515150998093,9.547908335137942
0.4373679100979522,97.02350624280206,94.3499229703927,48.36503791761352,17.872447439501048
99.50517532750057,67.36543307822433,6.885753760754154,11.771819908262737,13.805896343036574
91.61108438696377,63.00522021496284,84.31836266573511,89.82696496338443,24.464472003077233
44.79420112823861,4.852595157669304,18.828034889732205,6.65719473024351,5.590875467539998
18.873984569850734,41.05329264558768,11.819681051498543,16.673324780534326,6.5797079921990695
44.58217820716792,34.01709503884896,46.765812418804096,42.917202775906205,12.52256020945488
64.44780259798834,93.71895488758545,10.786433844424248,9.926014930919491,13.311119377906637
85.2806111090902,50.63967046524591,76.64050235684422,21.542190360728142,17.420541507643307
82.88625731675518,92.38466241926959,63.54830155464882,10.587902147380223,18.559384643857165
89.52948141563388,79.24877273700713,75.08777765144899,3.672818890591556,18.420358973756397
79.89625252569712,13.7951010468357,22.23861761968884,57.71348348692575,12.921506097555044
26.498077291688304,66.13482063119197,60.80704476990816,10.814959801326262,12.2228662638206
65.60145795915064,92.395490982493,16.110990518583314,59.70620209428874,17.399048304894663
34.18653719366941,45.961167177360394,28.700017907896992,35.41306363476953,10.735023835285183
2.891182326655728,98.15517379172206,62.479992207274826,50.07055904938853,15.894602800694782
38.37153495003267,53.937455882402766,38.010599871580396,35.99079274936733,12.375822848321134
46.394654172201314,27.59830336711908,18.004989996678546,55.66058981802935,10.987864151295655
84.2765436150301,15.28281777258923,3.273434060421865,24.681174515403615,9.488826074386836
97.97206434538109,82.87580737433393,59.58660535285966,92.9248915243136,24.806608011577836
44.52791168372446,98.3280602575174,29.630204511928405,24.03057495159391,14.623599871589683
63.8048201147011,37.81539679503604,62.636554197625784,30.49955183026858,14.492599326741066
61.791825683799104,27.574626058503636,5.097206881888994,91.21359019231834,13.816988997327869
88.32052018734622,97.0798149272672,71.65271762214047,68.2721177735303,24.20875109979937
55.90030700748307,12.594241635252267,18.923531094927004,28.94696886725362,8.65919010808115
89.01563625733944,17.296952460307512,92.28731744878907,52.27857330514172,18.668874149200075
71.55696354730722,11.024448668056653,26.90335487759109,95.85186081814263,15.279922266619502
26.614994692973138,29.65217203911461,19.75973848410795,12.907366530682951,6.617955953377558
23.325764145399795,64.23268919507984,45.536773350356356,55.37558363378986,14.024869116550974
12.236482876602429,80.21164471629001,78.4094700579848,2.158991114267539,12.874858489989867
38.351509451030495,6.877060197114782,79.21057794149581,73.72696831257043,14.746335700879861
90.1988094293156,23.64039589531146,45.62958831277989,18.448787716439774,13.239561010657864
37.123493447411946,52.2243251566884,5.333078983858897,71.48704106773852,12.365222959455425
54.329336037107524,82.89590172106733,27.178050119119725,90.33211052692545,18.955882960433414
99.86942530304434,91.92984383776745,77.78924758331542,81.23688028737807,26.10632525733617
57.374424254458646,19.01538629126105,67.70406851477173,71.27530020599315,16.026484662260636
98.53851402679057,54.13013162563218,27.13690150250564,68.36725217395067,18.467533634946225
97.93758196664545,17.7213908269094,32.59979185356027,54.188095377268105,15.064883044797439
17.02146348820048,2.2220639519938357,33.69831224412506,86.53708015010581,10.379185996103942
4.346839932371482,42.89290590169175,76.22007729260825,95.31825969108853,16.280154851587227
98.54753990044323,42.19693806087417,95.03842943791176,3.541897328086374,17.809118859644204
74.59169379985563,64.27460346336129,24.95218575861523,50.73185006796489,15.965551033149316
12.955373776049562,87.1597150951561,35.78980855456479,62.60444704657166,14.771876715771512
15.877628628726226,20.61648446312071,99.19563708031521,75.30863944413294,15.701236669352348
96.19718697740709,29.585116521204412,16.45628766198204,50.306846347883095,14.328078472173832
49.466828222734335,17.494651375798785,73.32195695814102,36.17775344387341,13.131185087206822
18.63652309305173,33.19833945432884,56.36586996350152,72.64709321804432,13.45761225036558
48.18908860574845,52.55949898283735,13.89459359427484,91.46909247082321,15.337641178114842
92.87241979920444,68.34265904180037,1.7631408934024706,53.70742159033261,16.124447885489392
62.92189720886135,99.465422295811,99.60669551947969,85.76112353255574,25.877855008238438
6.383099202611353,95.32763907787299,61.26612471519991,80.08867704791794,18.08748198187102
40.719284968585356,31.96694712345898,46.3244145483808,14.687451296882692,9.949011846836386
35.7066138753306,85.76174997682786,3.795048626088149,15.087804682460447,10.444097139695613
12.511615964948552,40.307554270022806,99.69869008908617,17.33579302113827,12.639491776107322
14.548264959926016,91.50557297761544,88.20505169659657,3.224036999655444,14.695496846550688
75.1705960179315,65.54657014764295,76.7740809852709,49.45024547959221,19.8641874010634
99.13792184482956,4.384701871096319,23.437158640380574,39.65459869736151,12.398444529357027
44.97779415657032,92.13674026995187,56.000436407725886,4.511099552039388,14.70614874744782
40.78629634256619,41.64904123690699,96.54909384377848,59.919709102110815,17.777815548727
63.56510711589388,71.32530312512708,77.00393156821232,63.50510702024892,20.49357785405082
23.71943511339355,87.40459143411641,73.21198004106301,74.18704850969559,19.237737690621934
99.65567392347492,80.2526534863316,82.91514031551532,95.14055157101583,26.637538780771568
15.113399984889387,49.772737647806785,58.05670235907876,32.927572922245766,11.598942756687787
83.94033438945056,76.24196216457234,72.08830745081241,99.71494397581668,24.704376507934665
25.938137340839052,73.54572516754213,55.14044749059006,31.298918249387608,13.835293313689114
16.058687072312583,89.58838370675471,59.54554827078453,82.49338376407947,18.43130915330487
54.53449840015448,21.997708065401955,33.75488131003252,38.153884247354654,11.046088254035428
97.29348125037023,0.56332783813825,98.5666023024507,98.04616351098306,21.91266244195972
99.61507905301366,47.658817891963466,96.38089696209995,39.559918184982735,21.075142947235538
2.629444066838671,22.434718637176452,94.52962449373847,1.376469333539998,9.00188210537613
54.599413542297505,7.560158889467905,28.63965784275785,8.809285071188667,7.412269243239072
85.95286211130563,59.10707096477058,90.21064657183129,68.83531995402284,22.62974002256299
97.10291312450997,50.98776547604066,63.871058176287455,57.63088198890566,20.061468332763617
48.426042944661276,84.59593654230126,64.45251356703602,80.13122648554727,20.657755308856824
78.63639366024132,19.10451606552953,65.01635325176437,19.96480191813341,13.597081905965817
58.332047824377085,67.74346844463005,99.72350715875868,3.054197814973836,17.029886321930515
9.124239411372093,7.702669637123149,39.836128626674004,82.15883614858137,10.330292566466797
84.40563327871357,73.69795957211517,89.68782418299477,32.28599441694525,20.841683820076316
8.815464425229912,5.8153027989850115,85.21327196193863,73.04362943536913,12.865265024892153
69.8615306011121,33.967633854566884,37.99051886182262,95.81135288993192,17.68307874890152
6.380474409793502,77.37317369377926,30.963332370839314,3.9054618412556086,8.827171830467163
74.25701107424561,33.09118856783746,72.21475187427966,70.765438311812,18.627939771946593
53.47868754331151,77.73731292105488,58.103832417124345,28.66368528482607,16.22102810818365
73.4115301064419,58.913981587772355,1.2727281689920544,90.16441777703093,16.651077061591455
54.56436183243134,86.86272654795317,88.27368389822446,44.49666567350885,20.404131402355357
50.765999645123095,41.57543876756019,44.94367753080455,89.51471589717278,16.8770853785915
78.8144013967911,12.652567631557798,61.03077815400959,99.59066403863423,18.758910024762326
59.555070123248576,78.58716255931056,76.9061473381171,35.03175258723286,18.609465956211057
37.18493027039589,72.40764217904032,49.99835316048351,57.0570709130388,16.12164658476281
71.29057903648376,77.75750270390502,27.151657773307136,14.679375943696293,14.204080763286028
29.179464672372525,50.753832509207555,34.21413172970391,56.83627588475938,12.72358343818384
5.346572412562844,50.97504116137672,36.79849069377079,53.46667548928824,10.908110368749062
42.253335488497676,28.422585063754248,90.41079054576358,18.47649884213569,13.362018835811913
68.13655755805597,92.4644712582414,53.86699596854331,87.6408488579482,22.48113330913574
12.485147843328438,49.37887702564081,45.70252804809394,0.8118807036994857,8.06487404585324
44.325734135933445,36.90297563825978,66.97987277746154,93.83297785765185,18.01128354921042
8.579108826203651,32.74763867146231,44.40647373942519,45.51853780343833,9.766969955134703
77.48097208422537,44.33956658334408,2.7161301453653364,71.01040945928312,14.55144260359485
88.48296951456717,51.39047125496729,58.11085216985054,16.29364389690461,15.945280935107604
22.064594467895702,23.517023912461177,43.07419748812953,92.8145220895642,13.503935882772536
52.1784766714886,19.209764520135263,26.608773586894962,38.401502972718426,10.149960918922762
62.325897569279945,44.00331530040054,39.24448441769249,56.47286003989947,15.035094915143244
24.183499495446547,7.8903272584582185,2.4414314822222116,25.125916346712707,4.438139073318348
9.159203414446871,33.63406385207668,77.29335403597555,71.62943304868384,14.266360744062617
61.09276227880288,85.25002438794787,28.20676245442767,88.50537530299657,19.574972268430958
39.923916966917915,40.08933182666266,40.53516136255215,9.809436624098144,9.700450357586549
97.54904983310557,13.85067778251592,34.088572446918455,31.930032032675715,13.202409870400253
7.467943281670964,15.226013011187668,4.485833618538582,29.240449356051347,4.198456354527941
86.66569240289064,33.94422057373845,12.369183206737922,64.5693868383918,14.700375160382858
99.66009120549106,23.232378953192757,27.957100537056945,97.18470542807886,18.45722556752073
17.877628755048715,51.12140674591639,23.965213301609488,93.23518979012438,13.855847233531321
98.1521014576294,81.46978461200153,31.478381581281056,40.3487475280505,18.711330000101373
24.230568366642135,89.07579670089915,91.45582776881581,41.887066224604716,18.35416089136577
65.65330699030018,16.555317977469386,43.493590036340905,63.149910667349765,14.05324432129633
38.54031185180196,35.75995256864599,0.09989922669426665,80.42934637771141,11.521484996738312
88.93376120214482,96.94635295458322,71.92713850692155,54.87923123698846,23.26825572441427
26.92845198087094,99.92994759634985,58.97528545321056,68.11540723304462,18.897370765943027
68.24061619553177,84.52517957571814,0.967253884691921,22.02469404313718,13.078838825779789
66.5534000170014,89.51457368245677,68.53387819213562,41.34912914936801,19.790479459887273
36.15554958702616,73.79480082833204,74.12376971371934,60.70579925056904,18.21505582613225
29.146702409733706,92.51548183905436,55.18799421186391,79.04923562483306,19.042502037155355
21.430826216183164,34.40407886147278,87.45795163873424,5.010702993996841,11.035862852577827
51.23153112566621,48.170547984400905,75.12301889080821,28.18937705993324,15.084797353294451
21.906682185959948,92.61328387732337,57.17096519584648,10.46895682836545,13.555248074289645
19.303616221432108,99.88260595142484,19.560899625219243,61.047551135367875,14.867523163132159
42.01280789956181,88.55990948498354,75.51685922953277,59.69513962618158,19.77810702903435
1.0738981797982494,87.97952074934597,44.466747083871624,93.15776530185765,16.86801427141868
49.553901285420125,69.42244891827255,6.929264946664215,74.51516535267858,14.914114339247316
33.79960313119229,35.135901433178084,11.865584470938995,14.685714864020227,7.105556158745323
18.575905620621015,32.82061685714224,89.19699127756054,36.82602382300805,13.20249957523517
72.43627065632184,8.27475038898714,59.10987992719926,48.189123127043956,13.99058016492904
97.79579469545045,84.62077698789629,45.48297724386497,77.51427640453387,22.72706802334589
19.303874129377753,56.23363273917781,7.461905556870818,34.80890322516831,8.766589399149145
22.58621816221703,71.8909815325211,49.00906912143614,75.10704788480105,16.26640566357973
51.52954376314456,8.648444215163853,73.53676497325267,83.32292639878057,16.150644447305037
90.35312259127926,57.199194530670816,75.3585358999495,75.20443368826271,22.183954483729384
15.574975979894434,16.422068745957073,7.088550580912612,31.991363514030148,5.28912165733854
47.350858774106456,99.78978527542169,43.099334206816955,72.62425885073709,19.56078246015345
69.33970262725346,20.44819502505796,5.850715144943641,54.60067515335874,11.17990815682219
70.03055923144761,99.8251790186256,35.861105228117076,89.63645620810968,21.97842394855229
38.19324558691864,68.94117084305128,59.825293051705195,5.297879330259692,12.818378258462749
7.83884269702585,2.0764089724460977,37.083408459398946,74.58010487660107,9.047163662196331
17.275539399072272,60.58529683838958,28.882778003107788,79.6992623979072,13.87396243515932
79.8396149002991,77.54145149664235,52.48335138013768,28.456671007985168,17.73442832960391
80.94440438786346,18.61005619392415,28.975960202865604,18.39477061606216,10.933292936821381
67.42101603876478,68.6236028115818,65.25099927867531,41.56014668646678,18.071871765556253
10.017100720143324,91.11695845150211,50.77309640122382,40.69721949110915,14.332464252128501
58.88248932482932,19.27904358191058,13.254877910487439,40.552522145794356,9.820337743915534
22.722069409991054,24.429029453716456,89.25114877785293,53.07591771858249,14.099830446120743
48.34690643233511,68.94795937285974,95.15481136767396,11.219856447056408,16.64414732963862
83.35345671092573,58.40191798678459,14.616535381183727,29.714931868899164,13.847468465460837
48.23614164647395,69.1177144577423,24.260701695345222,53.487881546758985,14.518355237285476
68.46716274158618,44.87407508475062,86.30259611201758,86.94591028404044,21.32629262824223
47.069121764044574,97.29257104088997,7.558509240544731,0.3362378322936621,11.330012524272394
38.0668263803919,60.10970613725093,62.920015744966086,47.64457362938286,15.533264322123403
12.488331324064617,17.049752178789422,85.21479838520092,86.79111317392612,14.99769724076869
67.38985378607202,66.42179722788823,59.76821280278075,20.292588570198824,15.915107210480794
42.82507002599032,69.58946514633787,53.72522720033387,1.858033405509918,12.501389969086711
95.35568067200984,84.48160525721434,26.054501410973785,61.64589351662961,19.908552158818445
92.32393837281877,9.601101211365137,50.30294807967006,45.62430258462945,14.722982674958386
41.02050052835323,83.5588608892925,38.06461466974574,6.36633332410076,12.576735170614635
6.58377421643025,4.274460652460899,40.914542187403725,71.84062776983599,9.198569373960998
20.372246193051545,64.64685204315495,68.70884721037042,25.520212401559796,13.33857454569724
60.05576560606293,68.48683400268473,46.66136228021257,33.67165972800951,15.543272986254356
61.915155157432736,97.7847087328057,42.684140936897805,39.17350962851211,17.97526374786951
46.426690242611336,7.621839344504822,55.316327967139,32.869738721726364,10.584246935534415
12.142212233126248,46.62567411173734,0.33839865739774266,40.17852451627589,7.3881809939734655
10.57352679264505,2.429270339978029,82.4475046244502,91.62488032826349,13.921014820187105
20.767464835910665,53.929826383426125,27.79581571309849,49.35774386721822,11.299831013799075
43.663132089416024,26.905105508048564,70.03935796352977,12.649095932025423,11.404445259841859
5.307278217136712,76.76754330372792,66.59300312206798,49.85261241463979,14.7727021595405
46.77897704725416,49.74113794914262,43.70240760986729,39.289229583117915,13.358189658135396
49.969060288612035,52.851517115976044,69.1902314083621,71.12071607340226,18.092392178742642
37.762908014014464,41.354052274348874,37.3697169736223,53.653577362571035,12.660818927111498
45.33535379141953,88.95964631361936,69.63612669164726,89.86563837544456,21.862595970739612
70.91369915594255,97.09921485238141,63.57367782552691,96.35501381630547,24.403450535353592
15.816989040942609,5.247768082940385,57.91251852038592,98.34932057997749,13.19558343620909
41.76052473023968,21.20433621929596,52.154144919351396,64.87986245788886,13.394437924165251
31.517869551588895,71.47693584992595,97.51145070457258,89.69631217106169,21.59513736033513
29.158537351219525,32.67236831445983,37.15412244495886,39.455277839364534,10.301898570180702
10.031949919327943,76.19628388892893,36.533926361070044,87.98199767054523,15.682318262924007
92.69406231201087,2.443130930768811,98.85030699282062,71.00227315001845,19.71895214201352
52.03922259929623,38.952760837255326,51.85181326097129,32.462472397844444,13.045242789260405
62.268781369654825,9.298027644479124,62.11226029118102,27.53448501384441,11.996547344630194
1.7634829052346368,55.270576616287755,57.84477558526964,42.656900471153605,11.722866097167643
7.228623255031685,89.33429528041916,61.14308072278889,11.571329956896959,12.596605185452425
51.09305765941477,49.725431594847144,6.040186879292698,60.685970360294746,12.467669312864473
80.83263989215645,74.90080542484782,20.296941416418335,86.22925295542115,19.51579194069639
34.25421656593509,94.65083782919413,7.174796422571372,48.62086885198427,13.744321545805105
59.712437717754916,24.765009847460473,77.13801887202277,62.689567981071704,16.691437493592694
1.8109437287955554,60.836859069623586,49.14782344184464,19.602920170350767,9.777892992234506
99.57482270595295,89.71621948276149,29.250769502906348,54.10709207986163,20.28889876145723
31.650213991029077,77.54957516360781,93.0331433196455,35.88286069143835,17.719151458949327
80.55842491436275,49.840754271320485,39.65785613115773,93.84218520987699,19.637799728626963
51.040468871903144,46.74105002574649,67.2434401962343,26.123420101828444,14.22411775830541
32.479287078831575,93.20458362386226,67.85298454369423,82.66371477710057,20.553192496090524
27.111176193542963,54.379018992987206,97.13962669894983,31.87038990282176,15.66416525854693
16.047647631704187,51.088600822466404,38.78210887248762,15.957723278671354,9.06928810877312
88.8551382703368,99.07239105537778,56.858218068999776,77.4676768373454,23.980170135791482
85.90383695462995,70.09820060218269,4.415604911173121,15.76342317168178,13.110339909691362
7.098919115138647,0.987960664205656,30.599640875723654,39.235596048155976,5.798497317250263
24.10297323359257,6.460464808632094,52.98630908366776,27.331931995714164,8.251150586265313
79.60371548635624,0.8052621625281198,84.25270512876104,95.47536789459569,19.35784157642085
71.61350631535696,73.36440652625666,93.35623116027332,20.907128530034914,19.29118313125469
99.45655682085767,77.34812033785418,72.65707083277937,36.109057899529276,21.250469339157053
54.57774854056105,65.3917788273347,62.03428613172159,70.49846384775807,18.78970746360335
8.238173907841063,35.56484328316968,43.40000165954771,26.062929787496646,8.428573646362398
17.262727026922377,13.892747991286281,36.63833922565851,49.34417005625659,8.716707354078704
6.297644014666071,94.64580945905496,76.52433228607583,73.08517731854666,18.644651168450224
17.286052498872696,60.3800768012189,52.972494680866745,98.24688457866938,17.032288950712662
74.76717700801579,57.57618837162312,85.08126664701223,15.509427086070948,17.333557839624895
1.5216529690977199,69.02333334145231,9.831146023723747,11.54336399835092,6.840098491134388
74.46807264245305,27.05348441339891,62.86312155688929,91.74069260927484,19.059316414195177
31.647453163785833,21.714415783991882,10.656288374105172,13.046236141972612,5.734670689935154
6.222269537884273,8.764237882974014,43.20045888091539,32.08650450239697,6.717611127922507
70.6560814322998,87.02416582470019,78.47732031423843,53.06372566656522,21.522116747910033
10.244211623265343,70.97672839415536,36.28287247268736,8.565039391541019,9.38128904029526
84.24664072126257,33.82165171825056,21.824883251157136,87.14520646188431,16.89483686433225
90.2133868447005,33.89708371915599,35.48014192813734,57.96285275831441,16.189026145387274
73.34414938106582,6.314920190686346,59.334365718847174,95.28200617835816,17.433375482203335
26.209389717995368,90.88272140969337,95.01683407630937,26.915364097108974,17.786757789431597
75.42018658853506,23.877500831956,73.76111617321327,79.74199712888259,18.811921785589664
24.720570371064944,71.5869543583235,81.21045388640898,35.857887210691175,15.878154212277138
16.770277598972694,9.196456731751358,57.53817036099419,97.80981193157132,13.49235547492048
82.29503200222162,43.58396389345528,53.66209028549586,27.952788541181896,15.440451656437824
16.306586736006356,48.208115823227324,46.35015661671852,52.19299528037602,12.133789116928396
95.28045855639408,60.389530014477224,60.577183662237374,12.802476286107678,17.04450326361375
99.64888661768204,77.28449442346685,87.72033440940048,41.430041183099405,22.776920299197464
50.21280957856249,52.20838091622765,19.409453928960517,68.94891563269572,14.19667244649837
90.29767236174567,16.370581813841902,8.63182734861645,73.82189055403423,14.073324675013252
27.320183167298207,62.386254161732936,69.57583379921807,32.19107635818218,14.248299952548187
81.51445974257844,54.99889821142169,86.89994079518027,76.32935525589475,22.305053412929066
86.85756320374539,2.016138211789409,24.350626073859473,9.000794044593864,9.095261644581262
44.20830171893492,88.99601216153182,46.75402622668692,84.97130445803941,19.71447771525667
32.717823801931786,33.95700728052524,89.55617303268775,42.58171465117015,14.794452014084106
78.97654877946664,23.664354788190135,94.88008296776354,57.45782465305711,18.973996282250337
75.93235685784019,8.95156997948855,49.26642258305287,90.10384977340232,16.687654640591433
87.70386290433045,4.681395723422755,30.369846912894673,44.33200064790801,12.433621903155588
17.226481435578822,72.99983109899703,18.451199559871156,34.663969436988616,10.666614708071952
66.32806368578183,48.20893445244799,73.85710386348939,96.12079012228597,21.171894559565207
11.654668771519749,70.95677163980609,23.034415563211454,41.44767274075692,10.94581959174653
3.2862725795139824,13.590738229269894,31.977728904889968,34.198580528798495,6.180330758324713
89.95852164620958,74.18129092665151,97.2182968187041,59.90715103352405,23.90663690253057
24.171373209131797,32.765502992164286,31.983592329196707,32.64943276632516,9.046504078075344
67.29641731118157,53.08079280904162,38.54241780866443,14.90897687287166,12.935283860976723
2.2139162942145907,21.88346775876926,10.747140396868126,78.54450308522394,8.43773244086619
11.249795781388539,72.42282373068362,38.56586897760826,7.337838974377597,9.64229436991662
81.27300494315858,57.963057023661335,23.576151286357305,89.4681174332668,18.773191522142408
4.525831387055145,20.18196081977629,75.2046927805861,70.93779303098891,12.713654616369057
28.927169372447803,6.202487535278312,85.80780722249438,31.369763806990257,11.333791867530227
19.571341492826523,51.60618223609771,91.02271992824473,4.354657784337535,12.394018412791652
76.58040880308877,57.24732279387089,42.54491165518169,74.40804441050601,18.66159706836959
96.58244244416323,22.920621116269103,14.364736507211962,91.2881745222697,16.754759365622682
66.89530774573036,43.798602156196594,57.32595702642831,74.5613905176244,18.051444570903342
77.30318987057171,91.98941808189646,42.684278889562265,29.3410910019395,17.957438867604896
63.96642667898419,41.57278992795304,59.45984539489779,41.99857984559502,15.403524977393149
15.299578667817448,46.94267516589584,69.09178219410327,79.92838076676499,15.720883990931227
49.332627679654685,16.52378902104009,41.46877096494316,78.62939288416982,13.83762636422127
41.285927061707284,69.65307936042223,50.721368167808976,24.12231251093967,13.824835083072335
79.61505080230744,8.421345407068703,52.48902827551506,20.889103424340494,12.011502595747292
6.706562854137566,50.293393708324885,49.95621559349236,70.69009016757208,13.219371073115225
74.47506930519049,72.77914886928968,40.9558732916755,63.168978722656256,18.7061251127741
57.69452426439603,42.15617561169196,59.72126941859932,94.72478767062626,18.923241891192177
19.289374368137736,90.57720957855263,5.345551398319836,30.838921290166066,10.868245062003009
28.814524861152822,62.63651078809057,13.122495177729032,88.23476118397538,14.347638530240674
82.85514084650413,65.20658196852777,45.841383179219775,93.29560421420784,21.371608230357367
83.0746554720556,49.93151480812449,70.18733544543112,56.69299521796846,19.339197165938337
58.794223838826454,33.097606943747124,46.208460462489676,7.812143078974421,10.857929619696566
35.73486916645925,69.5828515362152,95.32160305061863,96.30641127630203,22.096923451089662
55.57228691248917,60.66222518095821,18.57211855009675,69.53081080935307,15.205568793659136
7.065879267438624,28.468568579944453,66.83633472854422,31.03101315434893,9.926962810885378
4.984687411445432,83.18704093509638,31.033000713456303,6.310522485867843,9.340093418337336
7.478816450286518,25.175879878875364,17.801594722152625,77.43001177801509,9.516532856688192
32.168404666703445,80.46957850398326,17.38459978231528,49.28791795440838,13.34321374285001
68.80371335531288,65.19908538658548,60.112940993026875,92.48216019311698,21.32689952701908
22.852514770674436,49.37192044621054,88.39925500724087,7.789376559515704,12.532291950616782
5.588826825307525,23.33022875582914,63.30212195380185,25.98796264498069,8.796416360431886
19.023988380879896,45.88023153582921,61.35980687694115,24.85577070167404,11.245430404533483
30.069118672374206,61.35593048115139,94.57384219894527,67.47417274380882,18.861947600259068
78.29041435845599,36.68100947554688,27.22543593844661,45.426774320262254,13.96182733437376
80.71328287116737,45.629964179055584,84.6725408789861,98.8771980695127,23.06038033838365
7.202666573033634,4.541015608370369,14.958970291336183,38.43696757343462,4.847300459290765
13.104220914543241,87.0664477618756,2.31462510270638,31.579271633582252,9.976282161900562
18.469462949420535,93.15393301575324,66.9481004890028,91.20302564513744,20.07500448958702
97.23287103103934,49.70982436773692,23.431910804802627,19.372878619658927,14.119871587844171
22.291886168584053,70.85933076220029,4.044572812300073,5.136107303271487,7.61492700143597
60.814294238315,64.20571467374066,66.52629243224601,37.188050458859124,17.021040770042774
80.59448887141531,53.36245877266176,10.546563000941944,79.70993070673453,16.68462168605081
95.30677862704583,6.003631300235868,39.13513387005799,48.751604483474765,14.078918837844062
14.647076007831695,86.77089477828771,28.4149644890044,78.300853993816,15.48807026510288
67.0994482028316,59.804582246702346,19.21428486965544,22.07035205509057,12.51559349030504
4.734840474656932,24.071242978226636,34.54436094605141,83.31453038624254,10.913929174504105
36.63926667148053,75.46217827656065,43.944228129548755,78.48683119938885,17.452504557050638
97.62716004370398,23.98415580575801,86.23416119638762,62.18240863057747,20.09385828982161
81.72942615886548,65.15859022678052,42.394950727415015,22.807493944179036,15.782502086521168
7.003522533116502,53.5518364460717,99.03260945268656,73.80418050142062,17.36764614097033
32.73455413990166,82.72048000867352,76.89840001764065,28.16357933534568,16.40955566013187
1.4307489794234685,11.81626385339496,87.73061903120576,83.65630353048718,13.739351859959646
29.520900087836242,28.51954262844204,79.28649871024712,93.7737469895422,17.197129370842855
77.91372567975999,60.55786770307615,24.267135033180452,52.574791409526064,16.022342819961736
23.351185859326463,80.80114200967736,38.696107951773726,83.36972169940262,16.833800658803085
38.160921798272526,82.41494051998913,33.331781516524195,44.013270461766986,14.728089265685956
61.54884193426575,7.028761402991868,94.82070618154644,57.36057861238032,16.427554521691558
50.78200146908023,83.93939711199121,86.57627298968276,52.2260404529016,20.353996753117993
92.72623257936374,6.4737766076480625,11.322579225121753,59.678823001444016,12.665369849135597
35.40658617935837,46.422516618919886,32.80792178971665,40.47253114449356,11.542324321350254
82.26463471462995,59.34761998543047,99.73445492834982,78.68791978209629,23.815060711604435
27.366625410182664,26.434511772669623,33.58982701170071,84.32594806477427,12.778144347059454
2.72876506505656,23.01812788712577,90.4918420344267,63.989643608325196,13.411516703984157
22.68470955010564,21.914496823258034,86.26181017594305,89.37575082770465,16.388701421693213
25.613109096211527,42.05103580765323,83.45957386283172,77.10074386098854,16.983097870886787
81.39161065660845,51.83981907879688,91.15490483051731,32.59515439544353,19.123023569812858
15.667213434751803,70.87323325648647,53.935441600689636,85.4585768809481,16.812689973103506
8.115924912471495,84.36924034380668,29.32946532088222,65.4855667168183,13.937759104593805
4.012878907825579,60.95812963036007,71.7271689187336,36.87502145056203,12.916278083728379
21.541070526214025,53.7630676603545,83.31908044356466,32.35473582966508,14.211435769984242
25.246929752127954,27.893530863768767,94.91321529166645,35.92769157645597,13.690791663722623
0.3604239888287175,78.16812079596197,69.92747953353901,12.856826460296888,12.003936392543586
98.49042491349125,60.80622853051112,50.077949094060145,38.2219267622891,18.424651070203346
89.8672755563638,24.39634814185633,28.576890021990188,12.24108066865669,11.540243605594117
75.911909558426,59.55492804058533,60.90661692544983,21.847043101946362,16.238662700539667
65.11683891270839,76.54584472468639,35.78885307256893,80.13471439617122,19.168026347231905
34.879058853202096,75.81384615092877,3.3730107457718983,55.11646014736527,12.589539328129497
96.95265606398866,98.12446006823907,28.17525783417406,44.139909108035546,19.89773252651386
6.297790798663305,87.33413076045997,56.85721531402142,38.5100678940517,14.064189066872194
11.277055848915307,94.67672854968892,53.02190478209937,28.292792908290387,13.935399048953629
35.02151301315095,27.069718092214767,60.18098088569806,92.99635757805099,16.018997891046375
85.66938033265644,46.03808754259775,82.64993623010078,42.310548127632984,19.099692043985804
25.2307140758638,98.34151152664279,30.388756797082184,32.37242309869084,13.865816248433317
98.96928677865222,13.392749316565489,76.0533988009695,93.58127584827265,20.984506580498167
51.17949942754186,0.25217617028200356,37.50589441131063,11.156899238482708,7.44843102266348
41.61876609336957,79.00267616422848,43.87115488838005,43.192512134592256,15.454682187122746
55.67894769188466,58.16905847476802,85.62963087989714,30.83554392289515,17.13852778236256
82.1671264368016,56.59337486920472,30.052954971714698,29.51260440060771,14.75823783334831
36.11375171057245,62.269324261997546,23.081173135994916,92.03335616722674,15.887213333102567
57.491258417790036,92.00157769960067,4.64043585791547,34.26113704614734,14.01918378906986
2.2807660687623077,27.225181509796982,86.20064722685882,3.660971584220085,8.882619502151854
43.614709991574486,11.756707047322779,41.68406592603677,83.88515842643773,13.464519036172465
62.30710334025191,73.67563453314231,34.910411544958095,94.43976950101415,19.744486977834793
70.92620937795002,42.17988192845309,42.64648002270549,91.86841779432976,18.42647122376885
57.64046934353918,70.63792099030417,41.70352245131708,22.369276476471413,14.313623680827492
72.35592919944186,60.78237721413878,50.134288042477934,62.402093999446386,18.281639182763637
20.828558606423364,79.39387065319563,94.81628050203058,89.11031441677028,21.14466885791975
32.14357453070171,40.600577328207585,80.84022997975612,59.51171308246038,15.857335336804734
54.79144436766492,92.66419675334451,53.60249609770508,51.49386795873099,18.79340791094043
4.201859126635965,6.941695859013763,0.7420307880650179,91.32442257836337,7.680270786562725
40.838666001770065,46.856137613341254,84.5386947592462,60.92463103757779,17.35023180953015
60.95015963905811,29.653442935481245,83.39083739245193,16.58299760394938,14.181631701462857
5.31495921729479,19.160335751853232,26.77372187745647,28.231105785420674,5.914434788928829
67.05135986187676,21.782458732864352,67.66583044949846,9.113217323379974,12.323917803621942
14.720246109790903,50.8821448490995,92.18958025766426,85.9567588811114,18.138320894663252
96.87534424428031,65.04790652781709,67.5814866416092,62.50229989314921,21.72941514012987
62.28189228581973,14.712034506758464,54.373895616392865,38.606793345172576,12.648493074242529
44.253721577729344,52.36005730592373,12.83961718022516,35.948773385211986,10.819958763235636
6.344956087660359,97.9668130422399,11.852802882012615,25.85247385449545,10.568058136774221
89.12929267033972,48.27100462391418,13.56372015206303,38.42305380393489,14.093051767946065
11.586799419138583,20.02159970845018,5.202984694984503,43.822749454909996,6.000309350797476
80.66361217252597,58.596917869989554,60.63453054846117,20.05840300832403,16.36761965101598
34.38938432523665,84.5242103840832,8.785618432651454,85.79306536685337,15.88681694700226
48.36900262647856,83.71474313251173,31.800641939440034,33.88429515830208,14.716761113516247
75.16048683231428,78.49961733922201,22.964467799014677,97.28713248219056,20.382868826341255
8.449010424482895,6.850296310213089,59.55042152861027,72.27407677716215,10.948072574567407
96.08861292249739,40.49457807988615,2.5291408989633113,60.2896339446407,14.838300253264931
28.969602059877186,43.29471211954022,48.846948224993525,6.451261073803383,9.4924391362112
48.59817845641028,42.631966680431475,71.25442652865932,64.56659112123447,16.895787922595893
18.521571815056102,20.613891821039697,25.100617877437326,17.89504402971773,6.1117065510308555
65.72131996684672,99.44301792002706,65.21083405159366,60.66815461912912,21.65770155699573
40.992793335107244,31.25802588597607,91.10737569064791,96.9001874142153,19.366870351539827
49.67761755877278,29.020049550655745,77.01222076697677,13.245679086687845,12.572661565409698
76.55882376436816,81.89483743113387,12.490394462716736,97.68614687965638,19.989851080159603
98.55122903884784,93.67194793273512,49.60348094062643,24.607414227682845,19.826428206657134
58.2009280881913,41.993383847143576,20.59486447171971,42.36764096178476,12.141153344274638
66.38898356775906,7.091331078599106,33.34180014460165,1.7794890012825193,8.081481033642646
74.94955054616756,64.06912676167008,6.2672134701965865,96.47375596019678,17.990305221944826
2.2621557127100678,58.99606464760886,77.63674617990559,78.7896313044723,16.19878424782258
3.4285135593203786,90.64151326404392,91.84516719271222,56.13903731543727,18.012226443365943
48.20831988871461,4.486746306259981,56.195414250986865,40.937908177023075,11.149331489378815
77.2806407408656,40.38835668860878,68.35808333247098,10.14081462375308,14.59764009564618
13.295227076596694,13.971019064915835,4.552549979974351,54.13288592698038,6.396009488158125
79.39677260436359,61.04112036936661,57.495488555285625,68.06239284027365,19.793812711153123
33.96453230720148,36.19540716482289,31.427009822092256,71.21089328535756,12.858580708732969
16.16403356707743,1.302528031292438,59.61964467224924,94.23813647342054,12.748931674489237
60.940791699630466,78.29216529408951,67.27907094660301,49.743665352301626,19.0690142023043
71.8392401783846,82.41041238552218,22.473164417169798,33.61304804831455,15.651935556878641
22.372573250328387,45.2172955590441,88.50645509166675,34.52071008353323,14.184578229456841
37.44668891305534,86.03672346719318,51.53743307446752,53.54489996474344,17.008494092604753
86.08012033322129,49.052673702547324,68.15575346293953,8.564466587406072,15.764832704793431
17.86317131268853,40.43762007162456,49.483906781987486,96.57337012362295,15.207103719354441
97.065163304779,85.11970874787616,31.559883528557453,96.40282908324397,23.079326046517604
68.93408646762126,39.29401278174004,70.16749169847664,1.652272978652658,13.398083883303975
14.615468227421358,82.96857115563677,64.55736368731712,36.419470129188404,14.775711175090594
50.06666402227188,90.5142149645767,63.15781094790866,39.81492839343302,18.123801845133602
12.0326657397535,29.3746801625561,97.83402327965834,43.73630628517775,13.61610291406568
47.183946384486084,49.85980323970154,88.41040229482111,60.39282843853099,18.294460114406668
69.36770364519221,38.9413542549104,2.908761858897435,93.09729142428444,15.203907108711123
94.91276809164064,94.91530533480511,94.36870866467166,81.5241941069561,27.214765063728535
68.45960501163269,84.45099182672855,60.05462390010362,13.436961389202363,16.84749466812891
39.1218165041421,97.12949119729375,35.113781359565635,86.78279137313694,19.20981943871222
9.321147077486957,33.41838423754696,35.09533247273796,5.160254310898016,6.175999703304966
11.909433018675497,19.3165211121771,83.7815590810113,6.340198993980639,9.029970096422373
29.87009013443872,1.0175002589267512,69.56277454030247,62.03030900433798,12.090838798987116
64.49822620531418,37.43827847146187,20.826782126756903,72.03202132860334,14.495500371467683
81.11178727406951,13.860149809820177,48.682942793742136,24.87156819788625,12.540729107416263
16.810686120613372,73.43253134949991,53.8096935472837,21.618533237866778,12.328276819248389
31.000001121154508,96.66536713277424,84.86795647085566,87.99467428731283,22.363494085603257
46.0012097080708,62.3807263920875,37.67677402044116,7.771197568889054,11.447100576689673
40.10693106567825,59.39807532071447,28.71442707681314,84.79505747274158,15.851262856883073
15.110015917459862,36.71290894369199,12.490390532420292,40.48321339852253,7.798330137417322
3.966130497427045,27.254939506164543,40.073525511368366,47.816536327669155,8.86353717872697
54.36963584751419,27.499112978991892,52.30413346148723,50.90046215620598,13.77205005019869
31.617805087620845,83.02003306564782,54.56411265935651,33.226971874654495,15.063548255581308
94.73385120807765,84.51124130711611,98.25878115518009,69.22338746454207,25.801366525572828
37.822290550604684,28.086066667901232,66.3317843674481,98.08165824953036,17.139169146762317
62.67150801038488,88.16149409898382,32.910343104776864,40.69537824742556,16.70138583164476
90.62752395893533,75.68667019578189,98.14103203679058,77.4764209732242,25.44450565067402
44.85157072182317,53.106801982236306,90.05154924631367,55.164673609804794,18.09559724037592
25.53973741644452,43.56198127699494,51.63159888491179,9.671983355112957,9.703981611508514
74.37626742528903,10.9353933354973,40.49177133688057,80.46224415404045,15.349056480864975
46.757036161329694,84.20155197185079,34.188132205611495,95.76362939984354,19.415385862326193
20.946843180523555,3.8264144989301307,87.24265429904186,75.22027159504083,13.932995586840999
23.198383706737282,98.47416071366739,50.228012926852784,95.10654401441634,19.869069609968356
50.50287713869993,47.1874586771291,44.9138537144465,33.48752761329502,13.103691129642279
53.37014971765517,45.25546619485679,3.6746876623554137,26.043523342350248,9.550579059594874
21.31228001055584,86.74356023210666,59.88699772268414,76.36831004497274,18.180172667891057
95.68260377492805,64.403927252641,98.26099914047444,31.176405165212962,21.544637560393266
18.626718231289384,40.33098879929115,47.079941493580804,89.5361542852585,14.553431283623402
55.99404390366763,29.2180999418017,74.26342828675209,50.58319371390709,15.631315494966309
16.213194527517018,57.681978759125215,91.1394536807284,84.26226174758202,18.551181635863884
58.68099726353311,37.70831738849881,8.697875106421115,46.964892333162375,11.314805441547643
75.20794375295792,36.02737197330106,23.54468255516644,93.13797192709534,16.960290540369186
82.15557004579924,63.82756194201447,13.678334392051939,14.490884040617303,12.959375071291126
10.321959145577896,61.62966668927432,11.5562796473336,84.2627198862633,12.484485307521194
99.29650018193222,36.63481847086653,45.36698469670974,71.16671769856787,18.7869350729051
93.71530063257659,89.40937735563851,5.759182874984859,16.9071802556765,15.313736976456818
75.45971985577923,68.88931080324473,13.321859404012326,50.20645820015677,15.468987461057411
78.08146310852956,21.878068226269363,87.12876357346663,5.297177482036797,14.316174825971304
78.21950850680739,61.58188997898703,31.519934665434914,72.09325483419113,18.113456039556507
78.23657951511596,93.38989713039693,36.77746721542636,68.6016735979955,20.61309930550732
60.26162769346909,52.52060694570885,89.04164741550379,0.31673141384003234,15.042094009954573
28.211160610359766,53.827723954483005,17.829326163655235,90.78665337327583,14.18739332024729
64.75951176130154,47.78829946319899,81.47017590666546,45.088619146510375,17.792881837622847
55.865301193000946,0.27509955539209985,36.570053019507355,13.879047235096975,7.931752392801119
68.9688680662291,47.90269589757338,30.17575572502308,46.78323393717424,14.423709118196886
20.962988795134617,92.50866324861406,5.3972632550913,86.54170352961204,15.285428227621749
51.135878873335095,61.894649613881725,30.26056209087038,96.66976167943213,17.856449708106357
28.185095851948983,58.88779971403043,99.34167051071289,88.10943963834458,20.428432619741415
53.632982528610604,99.03745229672121,70.13698617326146,20.870041614180934,18.1330175951966
40.55962104358064,33.4493334011551,34.40137082711892,76.04564393598663,13.726108682032411
58.42629272727936,3.809271158952854,87.74484836509761,29.679614048016457,13.369223329514218
99.70748769131437,95.41907303347857,94.05307166819652,81.11276040639737,27.55494251295909
22.06133316835426,53.2632744028782,22.43026268249746,25.967545558894923,9.206681318803868
61.095176943627735,4.083354535306338,96.94585668207077,91.86731725779644,18.900541781789205
38.076757215771984,51.54224480069131,46.6119419267759,88.21997786174698,16.702293559316438
68.8601876316111,27.811124742435645,44.68412544652969,42.89659756867638,13.710933148435377
95.93351682839186,17.531091051463964,8.957633729442904,88.06188321616902,15.662968163103656
89.66859895058708,87.17390879121648,51.09769156255564,65.97444282694605,21.871367668178767
56.336304756098386,6.944782605440092,59.58348969007224,1.3614147256100884,9.244154426610507
32.49874095570861,93.22925758731671,30.404526963580757,93.98266426442478,18.61207470036371
25.013395714924425,31.456224046153245,62.840749643855354,76.16269727892949,14.54593510438049
50.13877680048841,88.21156871941554,4.024042161061924,92.21948386343706,17.457071141617135
19.6307799895408,88.42387450846559,40.08631794863805,83.27570558710377,17.220643426003576
67.16655498036951,17.59416324782621,91.80475698814485,24.551739048845967,14.965938769490347
