fuel_consumption,vehicle_count,distance_traveled,load_capacity,emissions_tons
70.41223542324346,66.18292896781035,6.878065769765895,36.20558501724914,14.385569396654683
93.53822607327862,86.25892413413638,28.554293786953345,15.705888409913872,17.93863289301422
44.90879571685771,35.58303786676609,68.22263767059911,96.64348100843196,19.64401783147068
36.300144998256144,6.2224172652242,89.76140083423853,3.7949730239870805,10.894845767219179
95.2765897153333,66.45794280090398,94.16892084419491,19.965968664897826,22.08684819647449
4.069979525380763,48.82099782764918,45.06234145701252,33.14922732548828,10.496422595183045
95.76564743886975,82.25837321614323,66.15820213755933,16.285829163782772,20.853773068996453
73.43234082185248,72.70124546997239,42.506817361600746,92.47859097140136,22.50714310357302
16.697788222901046,26.73375624116643,6.322433925063365,79.54509581775875,10.352031780057318
62.17593860953973,31.494030568124952,16.38136635943154,4.0147770028740375,9.132439882376573
16.674556862593658,45.32846463376582,24.717696901060616,25.89821774319667,9.01657504599356
87.55763666677143,51.513767346110065,72.92519731284146,3.571094902814309,17.25892977811169
36.51633556780287,47.91693473954418,18.64168552101847,12.019154144553868,9.214744122843747
87.03037784998425,93.94316270997966,7.880669804540741,34.90187125424431,17.914513944562835
95.82856281444737,8.31617331324649,64.36413728787262,97.22213709670055,21.27513969178255
97.82236685813746,47.122333090374326,16.27491077823806,20.208431497743884,14.52561722055597
88.96013951243947,91.1683004329736,60.78796438735547,76.61763994699113,25.42262995924102
73.99312514704081,66.1821597989107,82.72769548719391,68.54066230403211,23.333762211502155
53.400230574749926,23.69563625881568,74.3888144118619,47.34378678382745,15.918742129008098
29.479168400750932,80.19462757417753,69.67136003530283,93.73395631247,21.863448493924448
16.544164001887772,64.91892846364932,24.423946808817597,90.35829853016418,15.711929772906405
9.949941425661567,65.61618064448773,79.10857215280299,35.49178403647072,15.225239921619101
95.41380793838093,85.07306845860373,29.46182996849034,0.7541092715998676,16.869434348249445
29.665717611806087,28.131047047074254,88.9964607500909,96.71211782547475,19.495692967942635
7.043998597026036,47.12948285333167,54.833199852979575,9.29116613297033,9.471243964311197
37.74977091375226,31.70824173929506,53.60563543270873,66.1190899731938,15.146479034264846
70.34851104965666,13.675502361338754,81.29477019446215,67.8542029790759,18.66845669375528
88.90749167467196,44.93360594354341,89.38897627221915,86.57741223560754,24.804020923960834
43.84093323592696,38.114331529297864,93.28120149702568,71.51647345384376,19.75570428042142
92.82453464380757,79.69747788958131,60.92974392914143,11.585277700376452,19.61832426492532
29.148067257909847,96.88424070983915,31.942209871420445,9.325486978537079,13.394488532110136
70.75533559193198,73.40042545436842,28.545772028715078,29.767197934630374,16.21019137790585
46.88929855087839,2.178894976225554,78.93230103611636,31.70887872741256,12.786762148290563
85.37631020019776,80.26304216000338,66.14020331187831,32.48748670992887,21.157930464242522
51.631656166117004,44.4829257597959,33.888188624867425,84.81362893031782,17.198778939032216
48.35070745776653,83.27230977971465,10.521847414182428,14.102478860033575,12.509582729065169
97.73203051129768,58.77684626060896,50.9769673499049,52.31560631441117,20.8004031577007
21.526877403285983,71.87039495019731,8.478062372975437,57.33237131030232,12.746597318132654
57.076879658590144,91.4188424133511,52.61828101048604,13.706269597417952,17.19908903774535
57.27532592481626,9.132764436533236,20.379383529992168,3.1108584187416133,7.197502370040541
51.32935824594983,8.453261529357237,46.9394378531329,93.29450353241441,16.013864061871324
71.97614130193321,7.741167422529305,22.420981220884318,67.36624198934342,13.570988904715263
89.47018610241837,3.291858676395376,81.2451131720594,56.18138803383087,18.429514349236303
54.60913252963926,95.78131827533579,74.7644612596773,85.0118868056112,24.832788469049433
35.39955695446667,55.43640408284099,61.54056774277707,32.158394036246506,14.774362440278756
57.024812494739955,23.665537947971384,14.337567106823956,37.39702592773326,10.60229728447609
73.9289628746437,91.61871480738876,45.77140514982325,64.28236882754317,22.065393767962544
10.303713097510048,90.44637585523287,56.86042135699344,78.0338247625157,18.866319503225395
79.44412009213939,25.648052636810593,52.91744531818495,96.04797515609775,20.340534492895856
8.963454482082778,68.30498980295634,96.2264078035172,30.057710805402216,16.296965874780376
86.14479214043482,93.36575454082717,74.7086209394825,23.132831230695828,22.205547286273948
33.40007188265939,3.580929441773073,83.14532342453552,84.961118651108,16.4198525379323
63.271030996619274,35.252785126385135,7.681102763992054,75.30576099149094,14.532233413484029
72.65261936099229,91.2602521738901,73.05320210053623,82.86949422440019,25.606896129663873
74.59546179039995,63.06871883123164,42.696639419100926,90.21173086422777,21.662766442530938
65.09685719074699,39.835532196590904,8.346929518195722,29.07048559043821,11.396908361999133
54.37267348301648,27.563537001619455,22.123534791790213,52.73935140878472,12.553757572713485
16.98203458957346,80.04100633251035,48.4368151342658,57.386277396265015,16.240407232949273
14.738326759734854,32.457633562936735,41.008968326115294,80.8212830516503,13.532693299766773
77.01595230861525,22.297747478768137,61.61790816070077,24.34563577719976,14.833794649578131
98.82471556902453,95.21238781308706,56.32647205206205,69.8902571894143,25.640383532056934
80.1430382208645,72.09984200449038,69.98286910824208,95.8554007949528,25.46643272556763
59.64561063072833,63.630267181905566,84.92687504381811,66.98908678584068,22.032599127748863
73.29326220175226,23.416868619664243,37.126692411507086,14.730134571189302,11.894670384056484
50.57654423348055,45.57274006802463,99.71628142794569,61.120865281554245,20.575025128274884
78.64448231944233,33.401467075765424,83.15453313427965,61.50849664876834,20.552811588018123
69.69923315984384,29.443077794945438,54.863839169557714,63.40369734136087,17.40641736275091
58.909467581658106,91.51937114245665,89.82726644925535,97.09840578768706,27.009509851760978
66.74280060069894,97.19141301256846,83.24780000319089,27.08321403399593,21.958412078490138
42.74356695512971,23.83924421890098,0.41971608305652053,18.80487531469086,6.869971527915915
0.4060586286875667,71.983846135049,42.553429772119955,31.257472707785826,11.705230003693062
76.1720891095188,83.2486774619645,97.52995386498799,64.20135846752412,25.712299546136183
46.15289585400517,30.52643016074359,22.231820921422628,21.29259504826012,9.623835009936528
40.91893747197987,99.17863552879298,0.08536974374032669,19.72058972310008,12.802307054414756
18.839298240357383,71.71194855322923,35.248472759806184,45.726080459182064,13.732817065563472
14.862413046990497,40.49970388769477,10.319981190583604,53.304328788858314,9.526373490034466
9.793836538285595,79.05083811731562,56.660171754048946,72.39678737735169,17.445791098860475
41.85163866526839,38.14912932422273,9.82088890488636,52.38556070428226,11.385492471348343
51.4502164857092,46.81020444496053,74.05183646824493,83.25044000323545,20.461037184775616
75.07896749485082,14.386574280684384,62.205950928210804,8.032310568953339,12.786316197667817
69.46222874404765,38.18390965611267,13.24989562662866,86.20508569761279,16.58107288256381
61.400833903893734,35.47249679475275,3.0727179650499536,53.731025900361054,12.30380008141306
92.32258784862326,59.637983270236575,97.16506046194931,13.645111827045852,21.03813274234919
56.83051045948368,79.81250480064294,52.55407311257162,9.106635598747259,15.876729707835246
58.28860015472177,61.173790584247165,72.87092484753526,76.12115151654739,21.493186954319757
77.07726882106071,66.3444393638966,21.581118641865814,40.42357558394794,16.44699050834992
77.61299726143986,95.34269834008133,7.8946964836622,53.55366777971948,18.767019732973736
31.252227132430644,22.539389431682977,50.5810683519715,60.60893405565368,13.208872323308123
0.9772231419481248,78.02065722011909,81.98821312594477,96.5510824567933,20.619119249538915
18.064373322469496,59.4552562360948,42.66253734763945,33.48278515553507,12.302829521259966
56.56334514375047,78.23830932235502,2.305278344521011,96.94001125661867,18.738428081338263
80.98815857057107,75.11537036455785,76.03873821805036,38.90607096186526,21.70085924674898
75.16205508448137,38.67702086029576,89.8706829574793,17.722238330646967,17.728441495325406
29.234742421515147,55.13375426990761,31.921103588727252,42.42372452952734,12.707015826883572
49.24226893985947,85.63533488135087,52.31922536086928,36.24598486145605,17.88943289959665
24.77361640351158,40.867597879219716,51.57361044143699,74.61148572032363,15.358130552389602
12.104877617233868,22.16091882391509,37.96540158686732,36.03984051195146,8.668470665398118
39.174808760521174,79.35212646403245,32.41544029621731,50.189818040266466,16.103184593610607
62.39070328578965,23.21785501836051,71.86953871475389,54.711131973828095,16.988440600927206
44.678116303137806,80.97840267383138,24.3495259185182,88.31759706143232,19.080832021499308
56.104873536670375,60.91748793796582,87.50589641689427,81.75826878493359,22.920869623667173
60.156206882190034,75.31877038481741,43.33194902328968,54.737775349974626,18.69821720127424
6.207013670851113,8.985791800004684,82.9425404186332,5.967165568249666,8.334727171131354
16.939912563260727,79.58326589504415,0.1145950628256287,28.24043288458643,9.998085208870398
58.40386578266218,59.544993146929656,77.71529082294735,50.592625449217046,19.715980014396546
50.94018695309703,72.53105755407005,49.86244632662835,60.849108656361686,18.74930503203651
89.7774068255051,40.145100761237195,38.512507091922224,0.35489918647713115,13.51377465927733
61.342626152123195,2.977190740713198,50.41484897283163,80.42337890322267,15.624878166944805
54.99210705196631,26.9636165216676,78.61684214493712,26.971700408253884,15.015298562818089
73.30317809458987,61.02584551902312,16.999629674800122,90.51338748441857,19.362524497494597
20.06436829571957,98.95870741406698,0.7310488654940772,26.348337714290302,11.697356242057873
19.986029727419886,1.3993410170462628,73.23679001473155,69.34258020995962,13.127458334354724
79.23509643549305,25.669854646456525,44.43351670829699,65.91135216215474,17.233479748149215
43.976850388814356,69.73257703179158,63.397340844044216,11.464780302217648,15.097545559029392
78.1043121076968,72.06763590925182,65.58343876174052,15.509360627100232,18.515677930693908
26.799644879536366,39.31770315876004,27.992962165644343,22.781029067613147,9.358635136214383
80.53576701617757,63.823224636020235,56.547213155025034,22.595271085325386,17.89412952506732
91.80765622686413,19.118303909731626,79.4950932824677,96.6672666705293,22.985063361670804
72.70927292242361,99.28587751846297,65.10511169779467,21.746034360389498,20.72393096350368
20.38194937165113,32.456428425547635,0.7130020221006061,68.16984700828345,9.74532892950568
26.866778462782758,81.51832322927528,35.917265055930024,47.99564934633127,15.395896575911415
96.56889165603693,24.21721230472771,72.12540974297396,75.51177893054172,21.490691042470225
22.099815752363515,50.099683661219565,35.020192531296836,77.19062434000892,14.764386106098431
62.24833190290374,47.598305486054706,77.93632650477183,23.515557000841703,16.917128114001315
75.3621880584359,86.53743120928243,87.86215968075724,78.36735930196038,26.27090169026391
40.80141669982687,98.1808022717827,37.95936438224399,63.86253991024257,19.27942602906847
16.107417806946867,98.04488986363927,70.39859218646633,75.33775452463684,20.80738494021039
6.577670341114461,76.34178142206719,77.47234292206014,67.17727263622298,18.219791839346982
29.190961379034363,48.96900421608815,11.043437130871647,47.15870664591526,10.917517379551668
24.382385260040486,34.909698649408206,16.26004084036986,23.005436774689702,7.890783559935957
7.656864182011624,91.99013664369214,53.04106879754033,39.67419712627397,15.4010406562429
53.50292127687839,62.829322848155265,92.18787933693491,17.869295228631334,18.12534599593379
29.55524986352176,97.57893363441147,37.11929866485244,2.2561650757327634,13.331210377741664
14.764349263715882,2.633870174855202,98.99231424207284,27.887084899122307,11.551254344628129
92.3542756936226,99.58862757597157,59.984122114311425,3.3196315065561754,20.43573413105422
8.159163038692697,48.158905510787775,40.6172012911486,60.61773057817676,12.614117134119091
43.884780971136394,93.40768492714844,53.473971541351105,69.37260614624422,20.827431773608588
89.64852726424965,14.687187583320737,22.973465411852857,10.731866047401507,11.051937587999143
13.963839922991228,51.258396693423315,32.1179258967464,42.31728395267549,11.181350933902955
98.24898317940618,15.67043477959481,54.081207079807555,9.887115505365095,14.242171142303148
31.84963132638786,52.75259236745986,94.66317459653378,39.122822128348304,17.484748533832814
6.490669621466982,38.81614479603169,14.574117587397772,22.998961329144528,6.63558726142864
61.809062316499045,6.742386620368168,46.472375625003735,60.94615860107644,14.088630326340864
42.185839236749686,1.912635062373036,98.55193569028654,36.71157673405353,14.360203258103217
77.85771869332669,32.56464921874532,47.50167569934188,38.84636426109965,15.753968295331866
34.25392295096077,2.1851377207778744,36.00209378545035,88.94899903995301,12.921329934021445
69.03933385936837,14.542285909543985,59.115500462273914,89.22308599488716,18.56815572745866
70.00340409648554,14.868439235669673,86.78324967344967,30.154401328886536,16.15741111591528
45.40761443123418,52.61427596891464,85.05066043781953,93.16074951476611,22.115981274437114
92.9652877790556,0.795418127854064,92.18884855854571,5.438696600157233,15.323058339850364
26.577365681743537,51.49878547278329,47.9925689004394,60.470979388739195,14.934870251226315
47.94462287370058,93.43756796404207,24.0548848214587,27.402469403848585,15.439252842215
92.07379356930562,7.673951374525623,60.956082190480984,68.17359520656107,18.324542262531317
50.55417234297395,69.42318788231373,17.2754646011967,85.26322327715398,17.81523352484211
14.002568946988559,40.08124443157497,7.52576013082058,54.521107881740015,9.29773481964011
66.97458074256392,94.12216350952906,73.93361958960008,54.11029164541511,23.149378855720055
93.26170171703338,47.843683804087654,56.12056530988694,59.60985276700958,20.56296549230487
40.99797258865669,83.84826905658241,18.517593884505914,55.4842190371608,15.92031027991302
72.2233256187194,90.39761718765772,88.39183964342784,50.874028943014196,24.169870393024922
64.31614511633417,39.423773612930106,46.81777628802003,90.62657925730495,19.309861941823335
93.0703993192474,89.54140580670197,13.837086181363823,85.00840213306363,22.534228216990954
94.83637310214803,36.124969457360464,51.864628942166924,77.90952558129959,20.875185445435914
56.207813756564875,99.34835217062495,45.57133651568284,71.39427112073776,21.818826453265945
79.25911401965442,49.41004157584394,85.69838057113758,54.61545912071964,21.53550234284154
41.16507968016314,10.782367385194702,39.34135763504242,73.39364547332842,13.184920064379753
92.12864116801073,25.167940386031027,35.52355173305026,15.39609941044262,13.467844201421261
69.07228942289689,96.01884300099253,64.09522198481756,61.70765300062263,23.289756928276223
55.34899305004339,8.845574068553653,72.95038264293837,60.20495435493508,15.800364323846868
66.1476768856287,89.88110930274216,78.39607870610179,78.0915252154526,25.020903065633497
92.71837688793477,98.99349514629996,58.128273196105965,10.888161603116576,20.87460977471305
45.91299077754364,78.76011464616444,2.772532476184919,5.688743835614907,10.659096820283525
6.715778238282133,73.10357583283108,50.116662856317205,36.889794352059354,13.356523321549826
10.5617045261736,73.22402502058891,32.101981055089965,26.53240700646672,11.402537818961912
65.2319201553551,55.90108925968418,36.24106418133016,64.1487470805588,17.735713064628484
27.12215203841182,79.48302616043267,22.931895030765393,15.883769538201564,11.642783949143608
78.24394094988749,70.78920306979332,18.263897570179843,11.624575268993798,14.324946061859794
83.83990884866921,77.6598482196688,32.725737369966424,65.81974082133667,20.81992122660416
12.41601865478108,50.70476590476781,1.8730292060419873,39.16018809215554,8.33884963109882
7.484282147140508,47.51471801568825,42.16816468528943,44.4385026638056,11.337330752841195
4.5331302047994075,36.16163412818324,75.64838490999165,36.891437335362006,12.26837330269421
71.51719526095806,36.94787236337332,42.323944149018644,56.38921128292661,16.58724598277209
95.06819368070825,10.886044664665517,3.291376866117368,60.79571838100451,13.613966689786617
94.90970889284263,98.97231325547149,48.41642473920018,46.80816210850984,23.146653002036544
64.49637707451961,55.56347572049698,63.40880576141181,87.39994255378943,21.686469018532485
74.63061694876093,49.687739168679556,46.186445900016956,63.9601748513116,18.771896912209836
45.57062844202975,45.77793512656398,1.6305901786504817,17.40641374073084,8.837765542441069
48.851363999575305,82.26534590503691,27.872700672712412,52.2643433131149,16.913543947197958
34.49620847592322,10.480398953958902,95.82984830713006,85.46738702503018,18.116092676118654
7.84924244669064,71.97872624682846,34.75799043575002,99.48498070617926,17.139095434027617
30.23985198289777,23.87384453625999,56.78905483054052,83.51261633432041,15.565417441242984
19.2518871819798,70.94027697193313,6.1406583141121684,91.89347431104973,15.069903771945627
8.107491614729877,91.42313763441625,49.08072494527028,44.80911127959198,15.485762893372081
97.33070795003765,99.0384177698219,65.0178125961012,12.71192918570485,21.94509283736054
50.61700856552025,52.916310095566246,51.44464281353097,56.94918385200097,16.967457477441712
1.8724713794390668,71.12272814705024,71.23943019529881,11.546977517788793,12.47229462998412
57.02394424458007,56.83611824357746,68.24504201904001,8.539769213508109,15.263541549445987
62.65033072660964,28.075195074634117,50.70029904961719,77.33235527040767,17.51436850305158
70.56459363630132,11.890301767799338,59.118478711607324,96.91165309407386,19.093752959075307
15.676943733500226,85.29070877254149,70.2548080553777,77.40033129097597,19.905409673578564
28.195832714264547,28.788892937984244,90.6019455776488,35.98320320925586,14.697098070590757
6.3015390692810485,60.059670357945,12.481766904184266,79.65962414079083,12.690144669438975
64.17464425010574,87.47265052212082,78.48372497826352,11.211364833819616,19.32252067863967
38.10706764344223,77.45602499145873,41.73414732663257,97.23654847799783,20.378659964790483
73.57404498934493,1.5499916690321025,87.99856915608363,10.08047848685576,13.867104958711572
14.052372418008584,73.44924006110509,86.49685594304802,53.6349627899556,18.224944985613572
28.904973294577918,35.131554525317554,34.2889329596056,32.667810380951224,10.48767374665713
24.29096718216498,60.88670946292331,90.04053185650672,30.708241308334117,16.487025648580982
18.66942974614121,83.85776663714249,74.17833308897033,93.08370315599105,21.60005187365877
16.551973560490964,14.425131411659153,54.14293943049967,61.443365483509524,11.734260946891172
48.017344185958954,59.89666363238755,18.037976887507135,47.96137541640834,13.923971552042858
65.80925609396678,43.270644924870375,67.94473358165979,45.11912805538396,17.785427350203367
33.35995808422773,30.360504708709236,41.0902058988588,2.3089622682200828,8.576285876507914
66.85251384461137,84.51056409802618,35.462709444311855,4.603313614171856,15.326328895600223
98.67755973855577,26.369825545106696,12.6621121690773,36.97525079730279,13.985730961091418
73.85570406335566,29.39165968905657,57.47032039194878,41.55599944371422,16.19457535652981
11.776399227661848,33.028701249211025,72.48705057140667,61.20038973314457,14.290593076605516
11.9778379883561,16.332240971430856,64.07333593074455,81.34154143208688,13.908887436913979
34.94744959581693,59.53107518434501,17.064358875210527,31.137633690532386,11.423386122598579
2.02702056730526,76.82759477995226,40.10098197729668,81.61255736539539,16.058026123957948
70.83729960227262,82.8744265728477,28.56586695828828,18.510873042784525,16.075664854328554
97.19056826516706,71.73277870408695,83.40422679266703,1.3133373709933727,20.307173805198953
35.446162029588656,74.28166905773317,7.7982832989983315,56.733992956893566,13.951733067529004
42.907276745500326,1.7616507141107296,23.59755771194514,28.47919890667142,7.745719776451676
11.185994634632246,63.15369097426604,24.239787625188903,27.761949961938836,10.115234282112459
89.82385982001475,46.71230926931395,39.21281469692723,72.38710383147172,19.866442822998433
90.96137968829122,2.5036336237443835,44.82388465553965,61.07813560779473,15.961861135723536
31.85630981259896,77.24077221232417,97.14770702702738,94.34273662502832,24.06584608268662
26.598253937994187,22.6338278437486,95.7490531021221,45.862848743146586,15.27948282428067
20.829772308469174,70.69969636304182,28.442032390379158,26.724697507105233,11.74489236612741
87.92490430777848,16.247915337690344,6.4392946466236385,26.918644017168724,11.011082557905832
60.69454128382038,12.308785340327056,47.15946722767937,62.73371104253198,14.643186293030126
84.87369925931739,22.986959120225436,81.73463233827894,23.49062611312386,17.060231841931174
67.67665412396406,43.06735714824551,11.468124237867016,71.42634628218487,15.503217866417874
21.77626185490178,17.662342602459148,35.83229285893832,65.32902447594834,11.256808044410311
23.39964787906278,18.366153878188573,0.9953625713364334,47.16430971017236,7.1996754098674085
42.86455693151827,23.38677436373763,5.365216400969075,42.92558745958369,9.170551533812688
78.82051110716313,71.5282131327177,86.07948898601703,0.9582687713155624,19.005800473552156
96.64193168045985,34.14122526274483,99.03977960919647,25.261946060177465,20.42278204708831
47.15363875782448,35.392767657530364,35.57607149943026,84.22820987482157,16.20074052009607
74.64189397373387,99.21514352300481,61.35146827175125,46.32566043945027,22.54038285760009
9.007386294689113,99.65614195138568,55.15306529322829,70.04774696901418,18.72380834908752
40.67423871913114,54.77157081792359,94.25777318928871,16.641943793160273,16.52057805753989
29.23725843302546,15.205972777803234,79.22159038047747,6.204526042182956,10.397689404999273
8.16316498513383,29.84941127873687,51.41881809210113,40.62748005595866,10.412863428832251
4.481631067080727,95.74915578709515,95.28695203580837,27.93563232407599,17.89027813507453
73.15256152685815,57.857541138322375,23.747669500562406,26.217155174161544,14.489339623720442
49.11531743104505,41.923694149736015,29.122932823126423,80.75115963051489,16.085643696615726
48.14629176373849,65.48480623891278,18.927350016787546,53.35076625164867,14.884391911889157
31.79760494466215,52.64136103948782,78.08258334109281,76.89132100912617,19.16803857613444
35.422067803427595,69.42771170796391,94.12899503942769,62.56693299249064,20.940053074886226
14.841012338263715,67.97086292790951,10.490438634931131,87.21104087930271,14.452384882675089
51.66604958019403,38.514073631157956,5.700659464969238,38.078373459210965,10.725130477931895
90.32066679157894,2.098299628630318,47.464815778180494,93.11580911106223,18.654574201485595
39.48409997650211,42.81756874621504,57.85600551991199,46.293733357718345,14.927801368684285
16.86016912375524,1.8555539069860405,60.98116579787016,92.08065870078121,13.752972649125331
10.636413302716562,21.095271925275338,37.02294858249735,80.87422290211197,11.979688867872461
26.92603164709776,88.20544042787685,5.495787465006641,94.09566212589348,17.191294853628985
56.07470778737649,65.87776784877045,36.76895225363531,78.19942855110604,18.968521238675567
16.656625008440606,4.891182527848703,39.551694310755714,85.36957139810394,11.726708101584634
75.49268366376947,51.7155970488958,57.21377471653535,12.989282629875543,15.805282890589352
84.06815086175821,78.6959682964197,65.64703938869427,46.61910363289385,22.019662801349952
96.44592682795124,87.90319718764711,64.44304935146185,37.18009977172879,22.89570963989341
61.802227868151235,57.544092653066535,39.42419878349164,30.667397168807607,15.166909304731883
40.701079223732236,57.391140603339785,42.81348447110944,26.357448820138384,13.391538085902074
76.09633177608087,53.14674959574129,6.767516322559997,36.83165056261255,13.838215454118279
88.49134572119935,75.52365311999519,32.324678394400706,93.81831520445091,23.23082958947387
7.660290835821016,96.1234703892189,24.570509248467566,0.9094180302419264,10.349198705453237
43.38080365183268,35.897042968700866,53.90890052067938,79.67728605698454,17.042467241281305
84.24308021504471,40.12299996116918,42.98457437063502,14.817773032947368,14.584894464222213
4.7547608881163494,64.12149902350247,6.4437625552692275,73.38301194214559,11.905565043181483
53.90901450222475,19.85829782260834,53.95229435126496,18.299771660209885,11.690704317209477
43.8737207510412,79.95603162422289,46.19192934106374,14.869931829754822,14.802920059833944
72.38286818229452,18.676841627000883,73.85498743701095,47.93522892158333,17.041337794477723
45.37417590943016,85.14350378574747,70.86035243406687,3.291079695493926,16.386359786425306
29.617431460160237,87.09206608498987,1.832616854519864,54.52534462619704,13.856246434238422
72.78256691739439,62.18560854845758,76.05322021044364,72.56918489147458,22.705024924347324
69.20306951531133,82.15398609256522,64.56906684495384,40.241849425698206,20.509497087938588
47.19091099145876,71.67247826814506,87.63060296667939,27.221880083977567,18.711921585674588
34.207679597107074,93.07393963624126,57.85117924094454,17.896181713500102,16.255046434544926
66.36951389123827,99.07621555393796,82.34535644704,74.57411365514027,25.80942524893142
20.804665426626922,87.61397846840072,52.57888435355464,88.92900220719557,20.009790494074675
32.98278294248793,6.205105263543276,47.59759686597461,26.983760481787765,9.108671912696964
71.52292897762982,95.71065528560324,69.0974151151564,88.69339297092034,26.02232737962319
45.30240136012063,77.16407371953017,84.30434366717034,71.08756275835424,22.24608964403242
50.777728606956465,62.586610961536806,70.05069956788803,25.30844032214269,16.710963368086126
80.95792609149848,95.03245389672733,46.5239315179936,70.10671831098773,23.42802698907042
73.7025905790354,66.22475475214803,54.71151083286355,88.16479545748106,22.642021275557767
44.892670926889444,6.110295648660358,84.45563757121603,67.39812723165507,16.24125573140467
84.92586264996466,13.85474424446943,3.075294050971633,93.43745403825014,15.635711466811856
14.772830585057427,80.96523320704519,82.32099421806357,70.8705200549003,19.92997180322052
13.126221109287094,66.73986245608076,88.90865833268656,42.55316448008833,16.919480794882155
41.351685437859885,44.285830957941904,8.227189067620644,89.20255690299734,14.65685759569258
86.91828639805104,99.79093217902863,58.518314149841345,75.11916364513857,25.647818453623778
20.267190630730468,66.75288182241695,64.97328487573907,90.12087358416125,19.384316772489743
83.07927228390741,93.84664626177631,86.88334727016075,86.8693894898852,28.07627669865594
6.372332668871827,84.59619526959558,60.747839450311815,38.04444517659612,15.19276123464768
5.651462438806232,67.76737747680467,32.820175053761744,46.777626498603475,12.25092403074392
68.17284370551343,91.17745470241428,82.54369156049984,45.059712910359984,22.974285545565415
38.778315744637894,23.977973884404747,37.242675117596825,11.10463872918983,8.895253435614986
97.11055083647545,57.391744395957886,12.780584279521289,35.28060092659058,16.21777727212145
54.703914362065596,53.288563664086965,3.5503368718632355,95.08410342291114,16.543107042289773
27.53756814749446,1.6184668931891188,7.644400895028247,58.019490324797694,7.59153842401745
13.778552067509686,4.172479285350327,37.962646641271135,62.27611923401886,9.46259317392039
11.183980484161237,31.332783215131556,41.776067162454225,15.946009778676718,8.025391289696303
50.60738984667101,8.52140869017709,4.651849634506866,51.98353671551348,9.268392123394166
24.789697275087562,9.537380789802752,42.39125874876323,91.51407395173948,13.469139461063584
72.41924466541549,81.56159153470276,87.19139887586364,97.26277413964189,27.096017449268384
76.3246573514173,60.84079219394797,36.54258803022472,18.164323655771607,15.361817502293116
68.66598739832943,99.49499861219418,46.735868461891904,72.36793680928076,22.999192120133504
49.50924499931561,43.19334233634766,41.030561355991516,50.46246829316976,14.747196702453785
36.689566186537505,74.87733218218078,87.42720265915166,88.28853066451842,23.000620471415882
22.769871342582594,89.59091387314908,34.155123185510504,30.930766548529764,14.2068582440605
72.6756057398236,30.469634008628944,5.296640560971011,37.3617772310308,11.673433129863447
72.1465600358349,32.695842027017655,62.95590559951465,66.01194442631304,18.719477884678167
73.37360117263562,89.71304663109365,43.256449926843146,16.643207666245708,17.852883589033684
31.892571543188943,43.216725517398594,71.38914693281131,1.3122125561633502,11.834118870672262
31.578538343987894,77.98425810193169,67.08577033306953,73.17399735856051,20.001466670899948
81.18107694391948,78.32357188779623,68.21831661527781,43.96615323705906,21.752161863222476
98.35983288781539,56.90731955900738,20.27692093688391,29.28128551047844,16.39886934721199
69.35624559704699,92.47395651994636,17.872012920589754,8.234649574578635,15.046731053900787
88.15310480420061,91.52779789128344,27.63793453158995,37.72857243712399,19.61915495547558
66.01879974978584,32.99300208424748,87.71587082700529,10.757870271386272,15.81122393240928
3.798222096019521,20.84862067427895,28.6087778204969,11.292659128887506,5.167908951436109
6.569042934064672,75.56077135017982,16.427656590225737,91.3922199066304,15.207883332804546
36.7999661448096,67.06058097213455,22.540211476880025,24.032276849186683,12.044073580795665
57.47092028675753,56.06429251459861,76.87292280120813,75.7813305694266,21.31184488544553
67.0687764663661,44.9130565893491,89.06403862806171,62.257849022129875,21.080804338888647
99.01984904623572,81.93698179343586,4.430981123832622,32.05939070803178,17.40940812103944
57.18757164709517,72.14695378714872,55.033649776194146,78.61304224621819,21.05498386100903
28.26556527573446,18.391205123282507,5.391668378977011,57.33137445715221,8.757242150823021
68.85995206754953,32.61497171193616,61.35841848558766,5.2157230853329235,13.454460333820697
9.929334629680364,70.17547722584983,36.80697052172987,67.13340311030056,14.735152752023744
83.1721120279918,85.26224374761169,17.216764546445095,48.62855723513465,18.757061350747964
73.39267236324865,77.39805962669104,78.46759807288775,22.816733438058446,20.181807830624766
19.253481772377334,59.00124682736959,74.10857977382197,31.913951553419327,14.753733256076305
10.470515686242155,71.67463829100775,29.96978313800045,16.636272431172184,10.30816826122616
14.772352839713164,31.49095475267163,59.26780659137455,35.84022386938166,11.318569705871582
2.066185159343159,9.690843467781107,29.05032471986191,65.9704482147092,8.548918095133784
9.851507346853383,56.065685350068186,11.988587082400425,21.16153273493815,7.931595595738965
17.218852755576275,6.722863557081049,67.13298173865903,46.34035473860345,11.001818862703857
83.10534408973382,9.889083998231696,14.473293333807224,30.64577313504506,11.05773798982675
76.58659869388082,30.57588231556988,40.84187074986926,30.160356629716457,14.264345933187462
8.022429180102996,93.94336228961873,54.853899207118886,78.78331881854967,18.863010866349015
65.8357092185296,51.425427906197505,8.967825665938012,64.27335452703043,15.25212810025106
15.537035593683212,41.43831693562766,62.911314348043035,78.22290004721233,15.861184972252685
68.50451757086195,67.15335290546288,14.90422091752075,34.61285400715879,14.825604370486928
4.2912272660194155,71.94768931764645,95.2585981317419,26.411039017907576,15.845091315304217
8.769670916230933,47.55700767536536,85.66982231275688,55.19741952717797,15.787875850332519
4.67771501901133,97.4272240527946,82.86499099626006,13.159407705151017,15.862767879592175
92.17977565035089,45.06882886051886,37.18979905749412,46.10533305271882,17.65732496074119
83.45719568709472,65.94796782867857,5.924845239972754,95.7604371116171,20.102976693619695
14.778413347831776,74.55679517353511,63.6136530428131,18.752804794656086,13.746897398440606
17.073207611304962,87.03275937046921,41.969492349959715,65.45765141741386,16.93591000895875
50.40710038566733,72.73535170759595,47.92423750393306,28.73799152555684,15.9969003759251
36.33833709964964,85.90776944503426,46.8034692922727,21.344933224460927,15.24349668117874
93.46053880772533,79.6600456498377,5.566614605619913,99.89429619805178,22.303984076991355
69.49266964401023,16.026659904058693,23.716768129859645,69.24454812415469,14.289640732554215
77.9761055279122,23.903594314980616,25.696885389927083,30.712069487206083,12.673015596865866
59.80183648366367,17.181617830127692,10.42431988847775,67.88640890855136,12.433270142746265
77.90979397931702,50.09294044165055,36.383271026838536,43.20427135264764,16.62023611422491
38.84078338719519,95.99849082376753,76.80899052191403,20.808721485011027,18.611131777892474
38.41891520539801,54.40122913631098,61.298586206368846,46.81838960287671,16.087566491524345
81.01266350119592,76.76060194582317,50.51579186281667,85.44293867817304,23.516973929930224
75.10895304423859,77.85818487206433,95.64007794334167,26.646694120920266,22.03756864604073
26.76481623668492,88.89522556906401,77.22263733856795,92.65455414356273,22.860879178887952
6.313016032445306,62.77570772615966,14.462833812344744,50.38971982925826,10.723699058276353
15.574693185344424,12.807850898487928,1.2168345382033152,63.023881238290436,7.415667401549826
35.90226166900861,10.518828487897169,32.283777773130986,16.894409145158495,7.653935347204471
94.16948315016595,32.00048857613481,33.39535232893899,83.98580033995856,19.49935833085372
64.77557612860042,71.01716074030013,63.60018039889606,94.61962839485653,23.53943549174431
20.700083155804517,98.90392417557958,83.09561775565132,58.897258887634216,20.944150397678953
66.2371624396249,64.88258765006141,5.8396224059153905,21.80164985319386,12.710834620202942
96.14708845247492,53.43644288593793,37.8353603261912,76.2038463389075,21.106345722100006
52.451894265580954,1.316277143189759,73.62375967151179,73.22175600528612,16.061671570063126
16.51487121099744,95.66600884242133,22.390813154111434,45.77493673821993,14.439036443813634
11.473596126091469,60.32823194505884,37.54511200572125,35.31734622097055,11.582212002526274
82.69768772209473,0.9561712850478243,79.79467708924226,57.14485657480787,17.661300557720242
98.6098513480199,58.9443220604249,5.537913414795792,5.064532644372632,13.463071405835185
88.31529863718319,84.12141455110532,34.589007558202326,61.80324841811372,21.523170597023107
48.95913570556003,96.71640551360522,94.99609008768915,98.38390085407745,27.145698185882218
86.64487806342642,90.95515907751013,21.72787787671364,83.10067889897745,22.611993146552976
70.88571132042748,96.27865088280701,57.12618284426194,8.516716671055635,18.639175776945788
59.7398891187153,68.65809280212878,22.03210287124283,39.41133835127284,15.199215134416272
59.850341405167995,37.41057373165055,37.49477172386639,13.30866391727974,11.85443031320152
94.0746723077666,75.04943844950965,0.1243438866102009,76.56132840221652,19.680192619713775
73.97949926578588,0.9730960155522994,36.96042976137646,60.674769032553066,13.817843167681088
45.275065185803584,77.79861187205073,42.5458332634434,15.386296945383704,14.491811953745396
97.64156242738285,24.20399927760466,71.76923105413323,14.315631166407194,16.647469208276522
32.901261378393265,44.20276084304238,19.22320045270639,44.99595763686095,11.314714067460198
15.716282299174999,55.90065389858901,66.3713252520194,6.243428402801077,11.54757716715165
87.11321210821681,18.514088504203553,22.53624253203238,66.13498400830629,15.556062873932909
46.875106043441406,49.93955991710657,12.815498456313268,80.57358218764082,15.228223725602348
61.705424610421,13.538204330945602,37.3999367025596,81.04099327350302,15.506906925036398
56.83550459866207,10.864877913293046,37.27770457892867,24.26943984557346,10.347904766890641
51.746555365372636,84.33611288719895,43.62671348044198,43.33420303683231,17.857469529757253
90.5350902327037,57.61854125072724,56.61910873974069,26.19098918753894,18.49157762007267
60.77227478371263,57.59104674173964,39.6851470341864,99.06955658991805,20.585560909081604
88.18909649480867,74.95862900768155,53.73455884130005,46.20598018946303,21.063554337988027
18.489739522319937,30.57374740146237,77.39607998232103,45.374895393755146,13.757529398786772
88.22695165695013,14.791113634552877,50.83470960136365,64.69656840213088,17.4976484648327
51.684845630792594,88.92268915849871,98.95632818291398,11.583465834136975,20.107530894766665
12.9954904076921,13.032411356012108,68.11770960705276,37.26760954958379,10.521296054373243
73.33146612659061,40.54714728869787,62.76067213320636,76.98580056788936,20.305906811795904
54.82159106549206,53.95035904500061,8.823432528563446,41.07817429094348,12.703831903434972
54.57771532249376,46.198082566641,90.07820001884255,90.65306321194893,22.53821275132328
82.19173805887617,37.529807537311996,71.72991516875344,39.52884610696098,18.492904856219912
23.259359897575905,34.29026435508816,7.096463328553549,33.17775090046472,7.832039718932575
46.07422172611716,95.548089478083,31.341058621962492,90.24535392055206,21.073198626731795
22.885827582349705,19.096889775924943,51.89954564321649,67.2511369297406,12.900773552699695
4.4332250802281425,22.10658650472167,45.568366650131644,33.10043359831815,8.423284543340017
71.26210793483219,51.11605960413168,16.035910560390022,89.44653793150906,18.24313401347806
29.290567548335954,73.11311089644235,77.99157791054098,96.31577002561022,22.1542293056498
49.85074665241014,61.58355154644322,33.48762934795337,67.81792934120665,17.032525351772495
46.33834858663197,43.765236472442226,85.54675291161054,5.016884349868866,14.464703931943511
88.19624278318685,85.2069837828557,50.63662535617891,49.02028542056283,21.86192930597719
36.18073680354902,99.41737916817344,11.116933275384122,59.0215235628607,16.47182358507075
68.1681590112417,93.43300082169445,78.02034968567615,64.38472028115469,24.339556733306495
11.681231681212267,37.37335168314674,13.884164254798526,88.12127324655137,12.094271720737623
74.9621155563643,75.75367867972292,65.22565177735441,50.70435369367097,21.348380176102964
14.99710594634972,32.96948867050518,13.691579247689056,72.49131428523432,10.740368971110009
16.022877602200502,70.21135501716856,69.22553895959047,45.93044789912889,16.123842842788143
13.52286541180523,31.48008261340367,32.00931090755515,70.03851331432934,11.773280488830974
11.374301941372433,82.90686462160907,76.1007290185914,18.63069181742739,15.132856314612756
71.91643817788894,66.85131814678218,74.81208001109263,18.892855544869448,18.612389215510376
15.759032215646862,23.64839859227542,36.58717031489756,79.36649810358011,12.438627627007664
73.792393747885,92.54515922785332,5.862955909861545,1.1556281014185599,13.879358768540676
69.91388297007991,27.928749579416568,33.40788955338175,54.68020259145122,14.886114094251012
10.24131231267985,64.26944165480496,32.51474462311502,63.271512430099165,13.63443691262804
83.40069130733858,17.111133333742966,93.08730929145203,53.068814106244375,19.748899618052288
92.29277651739683,20.773008220177815,60.456266460423755,40.38871173236047,17.12627124002554
77.42221911560132,60.590894321329635,49.45154569583185,91.29854064310086,22.3185318293365
37.711706417168024,21.99802048981815,60.81011868520917,62.40284371728138,14.645282687757666
43.90946215718754,48.66100436893823,95.95534142999,73.26856913968012,20.959962228341947
11.0601751482577,21.213007087061097,97.5576634435559,72.64655537935313,16.210885525323423
91.50451261446531,30.386146398872206,74.18668600865924,71.40027085235114,21.414977616581204
29.46899854393751,55.08163254507053,62.741511127029526,48.1131810827465,15.644675951389
82.71787066580127,83.28690417979895,85.06005483015568,80.34235690981629,26.533351060068334
48.80834771971446,38.14382981490072,83.13762837143706,49.02014585562669,17.542532287078547
24.637139862798186,50.73435323222163,14.184982191924211,69.16294905987989,12.70750417223927
33.59212816239064,26.06587984474543,95.65087462347451,77.68809957583076,18.65436530967837
78.70695027239316,62.372196927918345,83.91728105102972,75.91624811633812,24.091878521852063
59.87737041336165,96.11244018517174,19.159494968442303,94.33797189947511,21.575876530948694
40.143816199886494,52.839898340148665,12.273931954430894,54.01074389217909,12.751455870464953
61.12067518581934,99.7701541808524,97.51924110715265,96.63972918742873,28.426242276995595
34.83880601020574,99.12664987450435,45.54781515951108,85.18362587619005,21.19234577517684
21.6319969018972,50.583317965660235,96.60120961276054,94.70313969234276,21.09809335386609
68.37348778214267,79.78143225530599,17.64266966024014,72.16585494841574,19.051993655629165
61.80508083353723,9.155173575124609,11.315900658967626,10.844361775126188,7.455479133509558
72.43569348298357,14.171520824757245,46.77322711144705,35.698180587775774,13.536889409925276
55.050414077021784,70.64764872194029,68.4722537221332,51.55199159143766,19.67318914116739
46.43348736103855,39.781559512225876,86.19099483043794,33.085180487264495,16.45218015435999
25.936582116749484,74.33154936552712,35.976346169672645,84.69985997572684,17.6893981552077
32.788871863714476,70.19448245745882,4.5109006285336095,38.556288011032,11.693199440894638
34.32301749675515,81.66787392759234,96.70554032283101,46.08812766929614,20.718988126557917
82.4836277153758,69.96947009573651,96.73859876636932,81.11085143428247,26.444910723649212
7.747806596373053,71.32817223822362,53.549971542237365,1.6436057932327164,10.749981939875786
25.131295872544367,92.1755245026893,92.60613727867529,79.88504602006344,23.202007920256843
98.17796032779894,80.65452246242049,1.0204187285245192,28.783434030151177,16.70398639220714
3.0624182237762865,9.410796873755945,21.884081695077604,50.355854632552244,6.782362836866763
84.75320034620178,86.1966756157108,61.620185855729645,92.8175939066235,26.05141122283817
50.00623265902081,88.90360441332015,45.40652563320121,27.722500742188227,16.976401930812735
91.64129181004277,38.793507567886934,50.340410884446165,32.88606325306772,17.10629644617777
66.28376002907298,99.50312250060355,2.551354886476964,89.98480060071014,20.682037481510722
0.3926056989265403,36.422788114621106,16.860680628951428,75.73417806725513,10.360933014126989
5.061084075717348,55.34849535843279,29.492613384531264,13.367024886470213,8.268011431194177
77.18182121026408,21.74168342552567,22.36752120549389,27.5076785137923,11.913224636476338
58.67667638280274,65.96659316907483,1.7602523701344963,24.18696361137903,12.056679458675204
43.09708425052828,33.197695216123314,88.41706585108861,78.77087308864188,19.493881563332256
62.58902155388275,33.80424159970398,70.06723448461598,84.36380128457944,20.081668253127233
59.48303773589867,78.44614668933791,74.91049613997478,57.17373111603222,21.61800025183006
31.218321682151096,74.57821580012718,20.679636635760644,77.94883464715338,16.366816238681203
80.4546692142533,82.2144879570373,47.29159709784576,19.248076777042165,18.351075735184168
9.972360006606873,74.33612504879243,88.62613845298132,65.08383588369067,19.056398284216897
14.41600603883696,93.4896448517574,98.91020145393196,43.33786099349219,20.027979366897362
59.48252892737712,77.72285200016577,73.63897900500447,96.77871919334493,24.629131422045706
11.48830910787889,58.07248661428057,69.19314196730922,89.00984241876701,18.23538106896057
87.41096277181506,97.799979356129,51.207845393767904,83.07608668132266,25.57961927881303
42.72817081273277,42.231387785603225,25.334836447285902,81.82372870192299,15.381493910600614
98.58151058135157,25.63417283472579,5.6131588021072325,81.55424374190073,16.923898620681634
62.02300525347562,95.96988005510045,25.223921907695225,7.1027658001281075,15.23749709978763
49.24422608665016,8.546602296514749,26.179000110270746,12.597786081916828,7.731463052928096
22.41321796600787,10.614465282139186,95.39059994272854,27.85627134497355,12.511761316874223
44.389758599256545,89.86118076342223,67.73215879614743,61.80374805617743,21.119484667070456
70.55631903608372,82.88222571053818,87.7669267851761,64.26396706650264,24.45670516670551
89.00072746940577,53.539752742547684,27.72908562684234,88.00767088838444,20.678370507023256
54.147282741308715,90.61375875672343,4.016781395058122,39.75157515412355,15.094170875013432
94.78050183624683,24.965009275830276,94.15362460384927,95.390246112925,24.76254009988842
88.2142314225861,56.36680450932987,64.69394490806386,86.96169984498692,23.71750572600823
77.58970823891845,63.00938494554116,98.22594078707027,68.56766363336942,24.610686457598078
97.54819924477611,5.738847460709073,13.896037074221246,45.14588460004906,12.996493979549372
38.487946088431514,78.27348413570277,16.061402646920374,97.60951791114886,18.449034017318432
31.5065875260914,42.892370774015944,27.474503244002292,57.93636173265473,12.794804444456398
5.862870042258395,14.967750557044878,74.57977034187242,18.650058340480392,9.131986466678072
23.551445155666283,79.29822357248378,9.33011783572536,43.74738227708409,12.483948683446698
2.3063386997226987,34.680739931790384,69.89814026107545,9.01032797172283,9.278909316757858
88.83346267787601,90.9499042940716,10.49903751251351,99.07324363757766,23.16659174454336
29.75295533954889,8.410167113160604,0.5067114497262271,40.852289576386255,6.3667551722233675
62.98099857061177,33.217924990331326,83.67173654746227,71.660627556505,20.138271674084013
35.016153196803266,73.43096666086046,94.04877369692498,9.309599854301709,16.957717697585206
30.610396015761687,46.33259391166933,49.79901277547686,54.21956448860736,14.488269974292866
